ID,Language_ID,Headword,Part_Of_Speech,Segments,Year,Etymology,Loan,rc700,SCA
1-a,Hungarian,a¹,,ɒ -,1833,,,^(a|o|aɣ|ɒ|aw|ul)?(i|y|ɛ|iɣ|u|øk|at|ɛk|a|uk)?$,O0
2-a,Hungarian,á,,aː -,1372,,,^(a|aː|aɣa|al|o|aɣi|il|aɣ|ava)(i|y|ɛ|iɣ|u|øk|at|ɛk|a|uk)?$,A0
3-aba,Hungarian,aba ×,,ɒ b ɒ -,1556,Ottoman-Turkic,True,^(a|o|aɣ|ɒ|aw|ul)?(b|p)(a|o|aɣ|ɒ|aw|ul)?(i|y|ɛ|iɣ|u|øk|at)?$,OPO0
4-abajdoc,Hungarian,abajdoc,,ɒ b ɒ j d o t͡s -,1320,Slavic,True,^(a)(b)(a)(l|j|ɣ|ja|ji|li)?(d|d͡ʒʲ|t|nd)?(u|o|a|ɒ)?(s|t͡ʃ|z|k)$,OPOJTUC0
5-abajgat,Hungarian,abajgat,,ɒ b ɒ j ɡ ɒ t -,1662,,,^(a|o|aɣ|ɒ|aw|ul)?(b|p)(a|o|aɣ|ɒ)(l|j|ɣ|ja|ji|li)?(ɡ|k)(a)(t)$,OPOJKOT0
6-abajog,Hungarian,abajog ×,,ɒ b ɒ j o ɡ -,1838,derived word,False,^(a|o)(b|p)(a)(l|j|ɣ|ja|ji|li)?(u|o|a|ɒ|ol|ul|uɣu|oɣo|ɯ|oɣ|uɣ|al|i)?(ɡ|k)$,OPOJUK0
7-abal,Hungarian,abál,,ɒ b aː l -,1561,Slavic,True,^(a|o|aɣ|ɒ|aw|ul)?(b|p)(a|aː|aɣa|al|o|aɣi|il|aɣ|ava)(l|rl|n|k|j)?$,OPAL0
8-abcug,Hungarian,abcúg ∆,,ɒ b t͡s uː ɡ -,1869,German,True,^(a|o|aɣ|ɒ)(b|p)(s|t͡ʃ|z|k)(u|aɣ|uɣ|oɣ|aɣu|ul|uː|uɣu|i|o|iɣu)(ɡ|k)$,OPCYK0
9-abdal,Hungarian,ábdál ×,,aː b d aː l -,1585,Latin,True,^(a|aː|aɣa|al|o|aɣi|il|aɣ|ava)(b)(d|d͡ʒʲ|t|nd)?(a|aː|aɣa|al|o|aɣi|il|aɣ|ava)(l)?$,APTAL0
10-abece,Hungarian,ábécé,,aː b eː t͡s eː -,1510,compound,False,^(a|aː)(b)(ɛ|i|eː|ø|y|a|e|ɛj|ɛwɛ|iu|ɛwi|iː)(s|t͡ʃ|z|k)(ɛ|i|eː|ø|y|a|e|ɛj|ɛwɛ|iu|ɛwi|iː)$,APECE0
11-abesszin,Hungarian,abesszin ∆,,ɒ b ɛ sː i n -,1573,,,^(a|o)(b|p)(ɛ|i|y|ɛɣ|ø|a)(s)(i|y|ɛ|a|ɯ|iɣ|wi|il|ij|al)(n|møn)?$,OPESIN0
12-ablak,Hungarian,ablak,,ɒ b l ɒ k -,1372,Slovenian,True,^(a|o|aɣ|ɒ|aw|ul)?(b|p)(l|rl|n|k|j)?(a|o|aɣ|ɒ|aw|ul)?(k|kɛ)$,OPLOK0
13-abora,Hungarian,abora ×,,ɒ b o r ɒ -,1586,Ukranian,True,^(a|o|aɣ|ɒ|aw|ul)?(b|p)(u|o|a|ɒ|ol|ul|uɣu|oɣo|ɯ|oɣ|uɣ|al|i)?(r)(a|o|aɣ|ɒ)$,OPURO0
14-abrak,Hungarian,abrak,,ɒ b r ɒ k -,1494,Slavic,True,^(a|o|aɣ|ɒ|aw|ul)?(b|p)(r|ri)?(a|o|aɣ|ɒ|aw|ul)?(k|kɛ|ɡ)$,OPROK0
15-abrakadabra,Hungarian,abrakadabra,,ɒ b r ɒ k ɒ d ɒ b r ɒ -,1788,international word,True,^(a|o|aɣ|ɒ|aw|ul)?(b|p)(r)(a|o|aɣ|ɒ)?(k)(a)(d|d͡ʒʲ|t|nd)?(a)(b|p)(r)(a)$,OPROKOTOPRO0
16-abrandozik,Hungarian,ábrándozik,,aː b r aː n -,1794,,,^(a|aː|aɣa|al|o|aɣi|il|aɣ|ava)(b|p)(r|ri)(a|aː|aɣa|al|o|aɣi|il|aɣ|ava)(n|møn)?$,APRAN0
17-abraz,Hungarian,ábráz  †,,aː b r aː z -,1372,,,^(a|aː|aɣa|al|o|aɣi|il|aɣ|ava)(b|p)(r|ri)?(a|aː|aɣa|al|o|aɣi|il|aɣ|ava)(z|s)$,APRAS0
18-abriktol,Hungarian,abriktol ×,,ɒ b r i k t o l -,1835,,,^(a)(b)(r)(i|y|ɛ|a|ɯ|iɣ|wi|il|ij|al)(k)(t)(u|o|a|ɒ|ol|ul|uɣu|oɣo|ɯ|oɣ|uɣ|al|i)?(l|rl|n|k)?$,OPRIKTUL0
19-abroncs,Hungarian,abroncs,,ɒ b r o n t͡ʃ -,1467,Slavic,True,^(a|o|aɣ)(b|p)(r)(u|o|a|ɒ|ol|ul|uɣu|oɣo|ɯ|oɣ|uɣ|al|i)?(n|møn)?(t͡ʃ|t͡ʃɛ)?$,OPRUNC0
20-abrosz,Hungarian,abrosz,,ɒ b r o s -,1372,Slavic,True,^(a|o|aɣ|ɒ|aw|ul)?(b|p)(r)(u|o|a|ɒ|ol|ul|uɣu|oɣo|ɯ|oɣ|uɣ|al|i)?(s|sʲ|ʃ|z)$,OPRUS0
21-abszint,Hungarian,abszint ∆,,ɒ b s i n t -,1870,international word,True,^(a|o|aɣ)(b|p)(s|sʲ|ʃ|z)(i|y|ɛ|a|ɯ|iɣ|wi|il|ij|al)(n|møn)?(t)$,OPSINT0
22-abszolut,Hungarian,abszolút,,ɒ b s o l uː t -,1579,,,^(a)(b)(s|sʲ|ʃ|z)(u|o|a|ɒ|ol|ul|uɣu|oɣo|ɯ|oɣ|uɣ|al|i)?(l)?(u|aɣ|uɣ|oɣ|aɣu|ul|uː|uɣu|i|o|iɣu)(t)$,OPSULYT0
23-abszolutizmus,Hungarian,abszolutizmus,,ɒ b s o l u t i z m u ʃ -,1833,Latin,True,^(a)(b)(s)(u)(l)(u|uɣ|ɯ|uwa|aɣ)(t)(i|y|ɛ|a|ɯ|iɣ|wi)(z|s)(m)(u|uɣ|ɯ|uwa|aɣ)(ʃ|t͡ʃ)$,OPSULYTISMYS0
24-absztrakcio,Hungarian,absztrakció,,ɒ b s t r ɒ k t͡s i oː -,1786,,,^(a)(b)(s|sʲ)(t)(r)(a)(k)(s|t͡ʃ|z|k)(i|y|ɛ|a|ɯ|iɣ|wi|il|ij|al)(aɣ|uɣ|u|aɣu|iɣ|oɣ|a|aw|al|ɯɣ|uː|uj|au|i|awu|aː)$,OPSTROKCIU0
25-absztrakt,Hungarian,absztrakt,,ɒ b s t r ɒ k t -,1835,international word,True,^(a|o|aɣ|ɒ|aw|ul)?(b|p)(s|sʲ|ʃ|z)(t|k)(r)(a|o|aɣ|ɒ|aw|ul)?(k)(t)$,OPSTROKT0
26-abszurd,Hungarian,abszurd,,ɒ b s u r d -,1761,,,^(a|o|aɣ|ɒ)(b|p)(s|sʲ|ʃ|z)(u|uɣ|ɯ|uwa|aɣ)(r)(d|d͡ʒʲ|t|nd)?$,OPSYRT0
27-acel,Hungarian,acél,,ɒ t͡s eː l -,1086,Slavic,True,^(a|o|aɣ)(s|t͡ʃ|z|k)(ɛ|i|eː|ø|y|a|e|ɛj|ɛwɛ|iu|ɛwi|iː)(l|rl|n|k|j)?$,OCEL0
28-achat,Hungarian,achát,,ɒ h aː t -,1604,Wanderwort,True,^(a|o|aɣ|ɒ|aw|ul)?(h|x|ɣ)?(a|aː|aɣa|al|o|aɣi|il|aɣ|ava)(t|k|dø)$,OHAT0
29-acintos,Hungarian,acintos ×,,ɒ t͡s i n t o ʃ -,1816,internal,False,^(a)(s|t͡ʃ|z|k)(i|y|ɛ|a|ɯ|iɣ|wi|il|ij|al)(n)(t)(u|o|a|ɒ|ol|ul|uɣu|oɣo)?(ʃ|t͡ʃ)$,OCINTUS0
30-acs,Hungarian,ács,,aː t͡ʃ -,1222,Turkic,True,^(a|aː|aɣa|al|o|aɣi|il|aɣ|ava)(t͡ʃ|t͡ʃɛ)?(i|y|ɛ|iɣ|u|øk|at|ɛk|a|uk)?$,AC0
31-acsa,Hungarian,acsa ×,,ɒ t͡ʃ ɒ -,,unknown,,^(a|o|aɣ|ɒ|aw|ul)?(t͡ʃ|t͡ʃɛ)?(a|o|aɣ|ɒ|aw|ul)?(i|y|ɛ|iɣ)?$,OCO0
32-acsarkodik,Hungarian,acsarkodik,,ɒ t͡ʃ ɒ r -,1645,,,^(a|o|aɣ|ɒ|aw|ul)?(t͡ʃ|t͡ʃɛ)?(a|o|aɣ|ɒ|aw|ul)?(r|ri|ra|ru)?$,OCOR0
33-acsi,Hungarian,ácsi,,aː t͡ʃ i -,1777,,,^(a|aː|aɣa|al|o|aɣi|il|aɣ|ava)(t͡ʃ|t͡ʃɛ)?(i|y|ɛ|a|ɯ|iɣ|wi|il|ij|al)(i|y)?$,ACI0
34-acsingozik,Hungarian,ácsingózik ×,,aː t͡ʃ i n ɡ oː z -,1833,,,^(a|aː)(t͡ʃ)(i|y|ɛ|a|ɯ|iɣ|wi|il|ij|al)(n)(ɡ|k)(aɣ|uɣ|u|aɣu|iɣ|oɣ|a|aw|al|ɯɣ|uː|uj|au|i|awu|aː)(z|s)$,ACINKUS0
35-acsorog,Hungarian,ácsorog,,aː t͡ʃ o r o ɡ -,1652,derived word,False,^(a|aː)(t͡ʃ)(u|o|a|ɒ|ol|ul|uɣu|oɣo|ɯ|oɣ|uɣ|al|i)?(r)(u|o|a|ɒ|ol|ul|uɣu|oɣo|ɯ|oɣ|uɣ|al|i)?(ɡ|k)$,ACURUK0
36-ad,Hungarian,ad,,ɒ d -,1086,Proto-Finno-Ugric,False,^(a|o|aɣ|ɒ|aw|ul)?(d|d͡ʒʲ|t|nd)?(i|y|ɛ|iɣ|u|øk|at|ɛk|a|uk)?$,OT0
37-adamcsutka,Hungarian,ádámcsutka,,aː d aː m t͡ʃ u t k ɒ -,1845,compound,False,^(a|aː|aɣa|al|o|aɣi|il|aɣ|ava)(d|d͡ʒʲ|t|nd)?(a|aː|aɣa|al)(m)(t͡ʃ)(u|uɣ|ɯ|uwa|aɣ)(t)(k)(a)$,ATAMCYTKO0
38-adamkosztum,Hungarian,ádámkosztüm,,aː d aː m k o s t y m -,,German,True,^(a)(d|d͡ʒʲ|t|nd)?(a)(m)(k)(u|o|a|ɒ|ol|ul|uɣu|oɣo|ɯ|oɣ|uɣ|al|i)?(s|sʲ)(t)(i|y|ɛ|yɣ|ɛɣ|iɣy|iɣ|ø)(m)$,ATAMKUSTYM0
39-adazik,Hungarian,ádázik ∆,,aː d -,1533,,,^(a|aː|aɣa|al|o|aɣi|il|aɣ|ava)(d|d͡ʒʲ|t|nd)?(i|y|ɛ|iɣ|u|øk|at|ɛk|a|uk)?$,AT0
40-adjunktus,Hungarian,adjunktus,,ɒ d j u n k t u ʃ -,1699,Latin,True,^(a)(d|d͡ʒʲ)(l|j|ɣ|ja|ji|li)?(u|uɣ|ɯ|uwa|aɣ)(n)(k)(t)(u|uɣ|ɯ|uwa|aɣ)(ʃ|t͡ʃ)$,OTJYNKTYS0
41-adjusztal,Hungarian,adjusztál,,ɒ d j u s t aː l -,1717,,,^(a)(d|d͡ʒʲ|t|nd)?(l|j|ɣ|ja|ji|li)?(u|uɣ|ɯ|uwa|aɣ)(s|sʲ|ʃ|z)(t)(a)(l)$,OTJYSTAL0
42-adjutans,Hungarian,adjutáns,,ɒ d j u t aː n ʃ -,1651,international word,True,^(a)(d|d͡ʒʲ|t|nd)?(l|j|ɣ|ja|ji|li)?(u|uɣ|ɯ|uwa|aɣ)(t)(a)(n)(ʃ|t͡ʃ|s|ɣ)$,OTJYTANS0
43-adminisztrator,Hungarian,adminisztrátor,,ɒ d m i n i s t r aː t o r -,1566,,,^(a)(d|d͡ʒʲ|t|nd)?(m)(i|y|ɛ|a|ɯ|iɣ|wi|il|ij|al)(n)(i|y|ɛ|a|ɯ|iɣ|wi|il|ij|al)(s)(t)(r)(a)(t)(u|o)(r)$,OTMINISTRATUR0
44-admiralis,Hungarian,admirális ∆,,ɒ d m i r aː l i ʃ -,1655,international word,True,^(a)(d|d͡ʒʲ|t|nd)?(m)(i|y|ɛ|a|ɯ|iɣ|wi|il|ij|al)(r)(a)(l)(i|y|ɛ|a|ɯ|iɣ|wi)(ʃ|t͡ʃ)$,OTMIRALIS0
45-ado,Hungarian,adó,,ɒ d oː -,1359,derived word,False,^(a|o|aɣ|ɒ|aw|ul)?(d|d͡ʒʲ|t|nd)?(aɣ|uɣ|u|aɣu|iɣ|oɣ|a|aw|al|ɯɣ|uː|uj|au|i|awu|aː)(i)?$,OTU0
46-adoma,Hungarian,adoma,,ɒ d o m ɒ -,1851,internal,False,^(a|o|aɣ|ɒ|aw|ul)?(d|d͡ʒʲ|t|nd)?(u|o|a|ɒ|ol|ul|uɣu|oɣo|ɯ|oɣ|uɣ|al|i)?(m)(a|o)$,OTUMO0
47-adoptal,Hungarian,adoptál,,ɒ d o p t aː l -,1785,Latin,True,^(a)(d|d͡ʒʲ|t|nd)?(u|o|a|ɒ|ol|ul|uɣu|oɣo|ɯ|oɣ|uɣ|al|i)?(p|pu|pi)(t)(a|aː|aɣa|al)(l)$,OTUPTAL0
48-adressziroz,Hungarian,adresszíroz ∆,,ɒ d r ɛ sː iː r o z -,1789,,,^(a)(d|d͡ʒʲ|t|nd)?(r)(ɛ|i|y)(s)(i|iː)(r)(u|o|a|ɒ|ol|ul|uɣu|oɣo|ɯ|oɣ|uɣ|al|i)?(z|s)$,OTRESIRUS0
49-adu,Hungarian,adu,,ɒ d u -,1799,loan,True,^(a|o|aɣ|ɒ|aw|ul)?(d|d͡ʒʲ|t|nd)?(u|uɣ|ɯ|uwa|aɣ)(i|y|ɛ)?$,OTY0
50-advent,Hungarian,advent,,ɒ d v ɛ n t -,1470,Latin,True,^(a|o)(d|d͡ʒʲ|t|nd)?(v|ɣ|w|yɣ|u)?(ɛ|i|y|ɛɣ|ø|a)(n|møn)?(t)$,OTBENT0
51-affektal,Hungarian,affektál,,ɒ fː ɛ k t aː l -,1587,,,fː not old,OBEKTAL0
52-affer,Hungarian,affér,,ɒ fː eː r -,1835,German,True,fː not old,OBER0
53-afium,Hungarian,áfium ∆,,aː f i u m -,1546,,,f not old,ABIYM0
54-afonya,Hungarian,áfonya,,aː f o ɲ ɒ -,1708,Romanian,True,f not old,ABUNO0
55-afrik,Hungarian,afrik ∆,,ɒ f r -,1893,German,True,f not old,OBR0
56-ag,Hungarian,ág,,aː ɡ -,1131,uncertain,,^(a|aː|aɣa|al|o|aɣi|il|aɣ|ava)(ɡ|k)(i|y|ɛ|iɣ|u|øk|at|ɛk|a|uk)?$,AK0
57-aga,Hungarian,aga,,ɒ ɡ ɒ -,1544,Ottoman-Turkic,True,^(a|o|aɣ|ɒ|aw|ul)?(ɡ|k)(a|o|aɣ|ɒ|aw|ul)?(i|y|ɛ|iɣ|u|øk|at)?$,OKO0
58-agal,Hungarian,ágál,,aː ɡ aː l -,1568,Latin,True,^(a|aː|aɣa|al|o|aɣi|il|aɣ|ava)(ɡ|k)(a|aː|aɣa|al|o|aɣi|il|aɣ|ava)(l|rl|n|k)?$,AKAL0
59-agancs,Hungarian,agancs,,ɒ ɡ ɒ n t͡ʃ -,1845,internal,False,^(a|o|aɣ|ɒ|aw|ul)?(ɡ|k)(a|o|aɣ|ɒ|aw)?(n|møn)?(t͡ʃ|t͡ʃɛ)?$,OKONC0
60-agar,Hungarian,agár,,ɒ ɡ aː r -,1193,Slavic,True,^(a|o|aɣ|ɒ|aw|ul)?(ɡ|k)(a|aː|aɣa|al|o|aɣi|il|aɣ|ava)(r|ri|ra|ru|ro)?$,OKAR0
61-agaskodik,Hungarian,ágaskodik,,aː ɡ ɒ ʃ -,1566,derived word,False,^(a|aː|aɣa|al|o|aɣi|il|aɣ|ava)(ɡ|k)(a|o|aɣ|ɒ|aw|ul)?(ʃ|t͡ʃ|s|ɣ)(i)?$,AKOS0
62-agbog,Hungarian,ág-bog,,aː ɡ b o ɡ -,1522,compound,False,^(a|aː|aɣa|al|o|aɣi|il|aɣ|ava)(ɡ|k)(b|p)(u|o|a|ɒ|ol|ul|uɣu|oɣo|ɯ|oɣ|uɣ|al|i)?(ɡ|k)$,AKPUK0
63-agenda,Hungarian,ágenda ∆,,aː ɡ ɛ n d ɒ -,1550,,,^(a|aː|aɣa|al|o|aɣi|il|aɣ|ava)(ɡ|k)(ɛ|i|y|ɛɣ|ø|a)(n)?(d|d͡ʒʲ|t|nd)?(a)$,AKENTO0
64-agens,Hungarian,ágens ∆,,aː ɡ ɛ n ʃ -,1616,Latin,True,^(a|aː|aɣa|al|o|aɣi|il|aɣ|ava)(ɡ|k)(ɛ|i|y|ɛɣ|ø|a)(n)?(ʃ|t͡ʃ|s|ɣ)$,AKENS0
65-agg,Hungarian,agg,,ɒ ɡː -,1315,,,ɡː not old,OK0
66-aggastyan,Hungarian,aggastyán,,ɒ ɡː ɒ ʃ c aː n -,1536,internal,False,ɡː not old,OKOSCAN0
67-aggik,Hungarian,aggik ∆,,ɒ ɡː -,1486,,,ɡː not old,OK0
68-agilis,Hungarian,agilis,,ɒ ɡ i l i ʃ -,1796,Latin,True,^(a)(ɡ|k)(i|y|ɛ|a|ɯ|iɣ|wi|il|ij|al)(l)(i|y|ɛ|a|ɯ|iɣ|wi|il|ij|al)(ʃ|t͡ʃ|s|ɣ)$,OKILIS0
69-agital,Hungarian,agitál,,ɒ ɡ i t aː l -,1589,,,^(a)(ɡ|k)(i|y|ɛ|a|ɯ|iɣ|wi|il|ij|al)(t)(a|aː|aɣa|al|o|aɣi|il|aɣ|ava)(l|rl|n)?$,OKITAL0
70-agresszio,Hungarian,agresszió,,ɒ ɡ r ɛ sː i oː -,1657,,,^(a)(ɡ|k)(r)(ɛ|i|y)(s)(i|y|ɛ|a|ɯ|iɣ|wi|il|ij|al)(aɣ|uɣ|u|aɣu|iɣ|oɣ|a|aw|al|ɯɣ|uː|uj|au|i|awu|aː)$,OKRESIU0
71-agressziv,Hungarian,agresszív,,ɒ ɡ r ɛ sː iː v -,1848,Latin,True,^(a|o|aɣ|ɒ)?(ɡ|k)(r)(ɛ|i|y|ɛɣ|ø|a)(s)(i|iː)(v|ɣ|w|yɣ|u)?$,OKRESIB0
72-agrolszakadt,Hungarian,ágrólszakadt,,aː ɡ r oː l s ɒ k ɒ d t -,1793,compound,False,^(a|aː)(ɡ|k)(r)(aɣ|uɣ|u|aɣu|iɣ|oɣ|a|aw|al|ɯɣ|uː|uj|au|i|awu|aː)(l)(s|sʲ|ʃ|z)(a)(k)(a)(d|d͡ʒʲ|t|nd)?(t)$,AKRULSOKOTT0
73-agronomus,Hungarian,agronómus,,ɒ ɡ r o n oː m u ʃ -,1865,international word,True,^(a)(ɡ)(r)(u|o|a|ɒ)?(n)(aɣ|uɣ|u|aɣu|iɣ|oɣ|a|aw|al|ɯɣ|uː|uj|au|i|awu|aː)(m)(u|uɣ|ɯ|uwa|aɣ)(ʃ|t͡ʃ)$,OKRUNUMYS0
74-agy,Hungarian,agy,,ɒ ɟ -,1138,Proto-Finno-Ugric,False,^(a|o|aɣ|ɒ|aw|ul)?(d͡ʒʲ|d|ɟ|t͡ʃ)(i|y|ɛ|iɣ|u|øk|at|ɛk|a|uk)?$,OC0
75-agy,Hungarian,ágy,,aː ɟ -,1276,,,^(a|aː|aɣa|al|o|aɣi|il|aɣ|ava)(d͡ʒʲ|d|ɟ|t͡ʃ)(i|y|ɛ|iɣ|u|øk|at|ɛk|a|uk)?$,AC0
76-agyabugyal,Hungarian,agyabugyál,,ɒ ɟ ɒ b u ɟ aː l -,1669,internal,False,^(a)(d͡ʒʲ|d|ɟ|t͡ʃ)(a)(b)(u|uɣ|ɯ|uwa|aɣ)(d͡ʒʲ|d|ɟ|t͡ʃ)(a|aː|aɣa|al|o|aɣi|il|aɣ|ava)(l)$,OCOPYCAL0
77-agyafurt,Hungarian,agyafúrt,,ɒ ɟ ɒ f uː r t -,1538,compound,False,f not old,OCOBYRT0
78-agyag,Hungarian,agyag,,ɒ ɟ ɒ ɡ -,1205,unknown,,^(a|o|aɣ|ɒ|aw|ul)?(d͡ʒʲ|d|ɟ|t͡ʃ)(a|o|aɣ|ɒ|aw|ul)?(ɡ|k)(i)?$,OCOK0
79-agyar,Hungarian,agyar,,ɒ ɟ ɒ r -,1456,Proto-Finno-Ugric,False,^(a|o|aɣ|ɒ|aw|ul)?(d͡ʒʲ|d|ɟ|t͡ʃ)(a|o|aɣ|ɒ|aw|ul)?(r|ri|ra)?$,OCOR0
80-agyek,Hungarian,ágyék,,aː ɟ eː k -,1490,derived word,False,^(a|aː|aɣa|al|o|aɣi|il|aɣ|ava)(d͡ʒʲ|d|ɟ|t͡ʃ)(ɛ|i|eː|ø|y|a|e|ɛj|ɛwɛ|iu|ɛwi|iː)(k|kɛ)$,ACEK0
81-agynemu,Hungarian,ágynemű,,aː ɟ n ɛ m yː -,1748,compound,False,^(a|aː|aɣa|al|o|aɣi|il|aɣ|ava)(d͡ʒʲ|d|ɟ|t͡ʃ)(n)(ɛ|i)(m)(iɣ|yɣ|y|ɛɣ|yː|yɣy|ɛwy|ɛɣy|iɣi|ɛɣi|i|ø)$,ACNEMY0
82-agyon,Hungarian,agyon,,ɒ ɟ o n -,1551,lexicalized inflected word-form,False,^(a|o|aɣ|ɒ)?(d͡ʒʲ|d|ɟ|t͡ʃ)(u|o|a|ɒ|ol|ul|uɣu|oɣo|ɯ|oɣ|uɣ|al|i)?(n|møn)?$,OCUN0
83-agyu,Hungarian,ágyú,,aː ɟ uː -,1456,uncertain,,^(a|aː|aɣa|al|o|aɣi|il|aɣ|ava)(d͡ʒʲ|d|ɟ|t͡ʃ)(u|aɣ|uɣ|oɣ|aɣu|ul|uː|uɣu|i|o|iɣu)(i)?$,ACY0
84-ahit,Hungarian,áhít,,aː h iː t -,1416,onomatopoetic,False,^(a|aː|aɣa|al|o|aɣi|il|aɣ|ava)(h|x|ɣ)?(i|iː)(t|k|dø)(i|y|ɛ)?$,AHIT0
85-aj,Hungarian,áj² ∆,,aː j -,1055,,,^(a|aː|aɣa|al|o|aɣi|il|aɣ|ava)(l|j|ɣ|ja|ji|li)?(i|y|ɛ|iɣ|u|øk|at|ɛk|a|uk)?$,AJ0
86-ajak,Hungarian,ajak,,ɒ j ɒ k -,1228,derived word,False,^(a|o|aɣ|ɒ|aw|ul)?(l|j|ɣ|ja|ji|li)?(a|o|aɣ|ɒ|aw|ul)?(k|kɛ|ɡ)$,OJOK0
87-ajandek,Hungarian,ajándék,,ɒ j aː n d eː k -,1137,derived word,False,^(a)(l|j|ɣ|ja|ji|li)?(a|aː)(n)(d|d͡ʒʲ|t|nd)?(ɛ|i|eː|ø|y|a|e|ɛj|ɛwɛ|iu|ɛwi|iː)(k)$,OJANTEK0
88-ajanl,Hungarian,ajánl,,ɒ j aː n l -,1372,derived word,False,^(a)(l|j|ɣ|ja|ji|li)?(a|aː|aɣa|al|o|aɣi|il|aɣ|ava)(n|møn)?(l|rl|n)?$,OJANL0
89-ajer,Hungarian,ájer ×,,aː j ɛ r -,1565,Latin,True,^(a|aː|aɣa|al|o|aɣi|il|aɣ|ava)(l|j|ɣ|ja|ji|li)?(ɛ|i|y|ɛɣ|ø|a)(r|ri)$,AJER0
90-ajnaroz,Hungarian,ajnároz,,ɒ j n aː r o z -,1825,uncertain,,^(a)(l|j|ɣ|ja|ji|li)?(n)(a|aː|aɣa|al)(r)(u|o|a|ɒ|ol|ul|uɣu|oɣo|ɯ|oɣ|uɣ|al|i)?(z|s)$,OJNARUS0
91-ajtatos,Hungarian,ájtatos,,aː j t ɒ t o ʃ -,1372,derived word,False,^(a|aː)(l|j|ɣ|ja|ji|li)?(t)(a)(t)(u|o|a|ɒ|ol|ul|uɣu|oɣo|ɯ|oɣ|uɣ|al|i)?(ʃ|t͡ʃ|s|ɣ)$,AJTOTUS0
92-ajto,Hungarian,ajtó,,ɒ j t oː -,1315,derived word,False,^(a|o|aɣ|ɒ|aw|ul)?(l|j|ɣ|ja|ji|li)?(t)(aɣ|uɣ|u|aɣu|iɣ|oɣ|a|aw|al|ɯɣ|uː|uj|au|i|awu|aː)$,OJTU0
93-ajtofel,Hungarian,ajtófél,,ɒ j t oː f eː l -,1512,compound,False,f not old,OJTUBEL0
94-ajul,Hungarian,ájul,,aː j u l -,1559,onomatopoetic,False,^(a|aː|aɣa|al|o|aɣi|il|aɣ|ava)(l|j|ɣ|ja|ji|li)?(u|uɣ|ɯ|uwa|aɣ)(l|rl)?$,AJYL0
95-ajz,Hungarian,ajz,,ɒ j z -,1552,derived word,False,^(a|o|aɣ|ɒ|aw|ul)?(l|j|ɣ|ja|ji|li)?(z|s)(i|y|ɛ|iɣ|u|øk|at)?$,OJS0
96-akac,Hungarian,akác,,ɒ k aː t͡s -,1783,loan,True,^(a|o|aɣ|ɒ|aw|ul)?(k|kɛ|ɡ)(a|aː|aɣa|al|o|aɣi|il|aɣ|ava)(s|t͡ʃ|z|k)$,OKAC0
97-akademia,Hungarian,akadémia,,ɒ k ɒ d eː m i ɒ -,1559,,,^(a|o)(k)(a)(d|d͡ʒʲ|t|nd)?(ɛ|i|eː|ø|y|a|e|ɛj|ɛwɛ|iu|ɛwi|iː)(m)(i|y|ɛ|a|ɯ|iɣ|wi|il|ij|al)(a)$,OKOTEMIO0
98-akar,Hungarian,akar,,ɒ k ɒ r -,1109,uncertain,,^(a|o|aɣ|ɒ|aw|ul)?(k|kɛ|ɡ)(a|o|aɣ|ɒ|aw|ul)?(r|ri|ra|ru)?$,OKOR0
99-akar,Hungarian,akár,,ɒ k aː r -,1372,change of word class,False,^(a|o|aɣ|ɒ|aw|ul)?(k|kɛ|ɡ)(a|aː|aɣa|al|o|aɣi|il|aɣ|ava)(r|ri|ra)?$,OKAR0
100-akaszt,Hungarian,akaszt,,ɒ k ɒ s t -,1192,,,^(a|o|aɣ|ɒ|aw|ul)?(k|kɛ)(a|o|aɣ|ɒ|aw|ul)?(s|sʲ|ʃ|z)(t|k|dø)$,OKOST0
101-aggik,Hungarian,aggik¹ ∆,,ɒ ɡː -,1577,,,ɡː not old,OK0
102-agilis,Hungarian,agilis,,ɒ ɡ i l i ʃ -,1796,,,^(a)(ɡ|k)(i|y|ɛ|a|ɯ|iɣ|wi|il|ij|al)(l)(i|y|ɛ|a|ɯ|iɣ|wi|il|ij|al)(ʃ|t͡ʃ|s|ɣ)$,OKILIS0
103-agital,Hungarian,agitál,,ɒ ɡ i t aː l -,1589,,,^(a)(ɡ|k)(i|y|ɛ|a|ɯ|iɣ|wi|il|ij|al)(t)(a|aː|aɣa|al|o|aɣi|il|aɣ|ava)(l|rl|n)?$,OKITAL0
104-agresszio,Hungarian,agresszió,,ɒ ɡ r ɛ sː i oː -,1657,,,^(a)(ɡ|k)(r)(ɛ|i|y)(s)(i|y|ɛ|a|ɯ|iɣ|wi|il|ij|al)(aɣ|uɣ|u|aɣu|iɣ|oɣ|a|aw|al|ɯɣ|uː|uj|au|i|awu|aː)$,OKRESIU0
105-agrolszakadt,Hungarian,ágrólszakadt,,aː ɡ r oː l s ɒ k ɒ d t -,1793,,,^(a|aː)(ɡ|k)(r)(aɣ|uɣ|u|aɣu|iɣ|oɣ|a|aw|al|ɯɣ|uː|uj|au|i|awu|aː)(l)(s|sʲ|ʃ|z)(a)(k)(a)(d|d͡ʒʲ|t|nd)?(t)$,AKRULSOKOTT0
106-agronomus,Hungarian,agronómus,,ɒ ɡ r o n oː m u ʃ -,1865,,,^(a)(ɡ)(r)(u|o|a|ɒ)?(n)(aɣ|uɣ|u|aɣu|iɣ|oɣ|a|aw|al|ɯɣ|uː|uj|au|i|awu|aː)(m)(u|uɣ|ɯ|uwa|aɣ)(ʃ|t͡ʃ)$,OKRUNUMYS0
107-agy,Hungarian,agy,,ɒ ɟ -,1138,,,^(a|o|aɣ|ɒ|aw|ul)?(d͡ʒʲ|d|ɟ|t͡ʃ)(i|y|ɛ|iɣ|u|øk|at|ɛk|a|uk)?$,OC0
108-agy,Hungarian,ágy,,aː ɟ -,1276,,,^(a|aː|aɣa|al|o|aɣi|il|aɣ|ava)(d͡ʒʲ|d|ɟ|t͡ʃ)(i|y|ɛ|iɣ|u|øk|at|ɛk|a|uk)?$,AC0
109-agyabugyal,Hungarian,agyabugyál,,ɒ ɟ ɒ b u ɟ aː l -,1669,,,^(a)(d͡ʒʲ|d|ɟ|t͡ʃ)(a)(b)(u|uɣ|ɯ|uwa|aɣ)(d͡ʒʲ|d|ɟ|t͡ʃ)(a|aː|aɣa|al|o|aɣi|il|aɣ|ava)(l)$,OCOPYCAL0
110-agyafurt,Hungarian,agyafúrt,,ɒ ɟ ɒ f uː r t -,1538,,,f not old,OCOBYRT0
111-agyag,Hungarian,agyag,,ɒ ɟ ɒ ɡ -,1205,,,^(a|o|aɣ|ɒ|aw|ul)?(d͡ʒʲ|d|ɟ|t͡ʃ)(a|o|aɣ|ɒ|aw|ul)?(ɡ|k)(i)?$,OCOK0
112-agyar,Hungarian,agyar,,ɒ ɟ ɒ r -,1456,,,^(a|o|aɣ|ɒ|aw|ul)?(d͡ʒʲ|d|ɟ|t͡ʃ)(a|o|aɣ|ɒ|aw|ul)?(r|ri|ra)?$,OCOR0
113-agyek,Hungarian,ágyék,,aː ɟ eː k -,1490,,,^(a|aː|aɣa|al|o|aɣi|il|aɣ|ava)(d͡ʒʲ|d|ɟ|t͡ʃ)(ɛ|i|eː|ø|y|a|e|ɛj|ɛwɛ|iu|ɛwi|iː)(k|kɛ)$,ACEK0
114-agynemu,Hungarian,ágynemű,,aː ɟ n ɛ m yː -,1748,,,^(a|aː|aɣa|al|o|aɣi|il|aɣ|ava)(d͡ʒʲ|d|ɟ|t͡ʃ)(n)(ɛ|i)(m)(iɣ|yɣ|y|ɛɣ|yː|yɣy|ɛwy|ɛɣy|iɣi|ɛɣi|i|ø)$,ACNEMY0
115-agyon,Hungarian,agyon,,ɒ ɟ o n -,1551,,,^(a|o|aɣ|ɒ)?(d͡ʒʲ|d|ɟ|t͡ʃ)(u|o|a|ɒ|ol|ul|uɣu|oɣo|ɯ|oɣ|uɣ|al|i)?(n|møn)?$,OCUN0
116-agyu,Hungarian,ágyú,,aː ɟ uː -,1456,,,^(a|aː|aɣa|al|o|aɣi|il|aɣ|ava)(d͡ʒʲ|d|ɟ|t͡ʃ)(u|aɣ|uɣ|oɣ|aɣu|ul|uː|uɣu|i|o|iɣu)(i)?$,ACY0
117-ahit,Hungarian,áhít,,aː h iː t -,1416,,,^(a|aː|aɣa|al|o|aɣi|il|aɣ|ava)(h|x|ɣ)?(i|iː)(t|k|dø)(i|y|ɛ)?$,AHIT0
118-aj,Hungarian,áj¹ ×,,aː j -,1833,,,^(a|aː|aɣa|al|o|aɣi|il|aɣ|ava)(l|j|ɣ|ja|ji|li)?(i|y|ɛ|iɣ|u|øk|at|ɛk|a|uk)?$,AJ0
119-aj,Hungarian,áj² ∆,,aː j -,1055,,,^(a|aː|aɣa|al|o|aɣi|il|aɣ|ava)(l|j|ɣ|ja|ji|li)?(i|y|ɛ|iɣ|u|øk|at|ɛk|a|uk)?$,AJ0
120-ajak,Hungarian,ajak,,ɒ j ɒ k -,1228,,,^(a|o|aɣ|ɒ|aw|ul)?(l|j|ɣ|ja|ji|li)?(a|o|aɣ|ɒ|aw|ul)?(k|kɛ|ɡ)$,OJOK0
121-ajandek,Hungarian,ajándék,,ɒ j aː n d eː k -,1137,,,^(a)(l|j|ɣ|ja|ji|li)?(a|aː)(n)(d|d͡ʒʲ|t|nd)?(ɛ|i|eː|ø|y|a|e|ɛj|ɛwɛ|iu|ɛwi|iː)(k)$,OJANTEK0
122-ajanl,Hungarian,ajánl,,ɒ j aː n l -,1372,,,^(a)(l|j|ɣ|ja|ji|li)?(a|aː|aɣa|al|o|aɣi|il|aɣ|ava)(n|møn)?(l|rl|n)?$,OJANL0
123-ajer,Hungarian,ájer ×,,aː j ɛ r -,1565,,,^(a|aː|aɣa|al|o|aɣi|il|aɣ|ava)(l|j|ɣ|ja|ji|li)?(ɛ|i|y|ɛɣ|ø|a)(r|ri)$,AJER0
124-ajnaroz,Hungarian,ajnároz,,ɒ j n aː r o z -,1825,,,^(a)(l|j|ɣ|ja|ji|li)?(n)(a|aː|aɣa|al)(r)(u|o|a|ɒ|ol|ul|uɣu|oɣo|ɯ|oɣ|uɣ|al|i)?(z|s)$,OJNARUS0
125-ajtatos,Hungarian,ájtatos,,aː j t ɒ t o ʃ -,1372,,,^(a|aː)(l|j|ɣ|ja|ji|li)?(t)(a)(t)(u|o|a|ɒ|ol|ul|uɣu|oɣo|ɯ|oɣ|uɣ|al|i)?(ʃ|t͡ʃ|s|ɣ)$,AJTOTUS0
126-ajto,Hungarian,ajtó,,ɒ j t oː -,1315,,,^(a|o|aɣ|ɒ|aw|ul)?(l|j|ɣ|ja|ji|li)?(t)(aɣ|uɣ|u|aɣu|iɣ|oɣ|a|aw|al|ɯɣ|uː|uj|au|i|awu|aː)$,OJTU0
127-ajtofel,Hungarian,ajtófél,,ɒ j t oː f eː l -,1512,,,f not old,OJTUBEL0
128-ajul,Hungarian,ájul,,aː j u l -,1559,,,^(a|aː|aɣa|al|o|aɣi|il|aɣ|ava)(l|j|ɣ|ja|ji|li)?(u|uɣ|ɯ|uwa|aɣ)(l|rl)?$,AJYL0
129-ajz,Hungarian,ajz,,ɒ j z -,1552,,,^(a|o|aɣ|ɒ|aw|ul)?(l|j|ɣ|ja|ji|li)?(z|s)(i|y|ɛ|iɣ|u|øk|at)?$,OJS0
130-akac,Hungarian,akác,,ɒ k aː t͡s -,1783,,,^(a|o|aɣ|ɒ|aw|ul)?(k|kɛ|ɡ)(a|aː|aɣa|al|o|aɣi|il|aɣ|ava)(s|t͡ʃ|z|k)$,OKAC0
131-akademia,Hungarian,akadémia,,ɒ k ɒ d eː m i ɒ -,1559,,,^(a|o)(k)(a)(d|d͡ʒʲ|t|nd)?(ɛ|i|eː|ø|y|a|e|ɛj|ɛwɛ|iu|ɛwi|iː)(m)(i|y|ɛ|a|ɯ|iɣ|wi|il|ij|al)(a)$,OKOTEMIO0
132-akar,Hungarian,akar,,ɒ k ɒ r -,1109,,,^(a|o|aɣ|ɒ|aw|ul)?(k|kɛ|ɡ)(a|o|aɣ|ɒ|aw|ul)?(r|ri|ra|ru)?$,OKOR0
133-akar,Hungarian,akár,,ɒ k aː r -,1372,,,^(a|o|aɣ|ɒ|aw|ul)?(k|kɛ|ɡ)(a|aː|aɣa|al|o|aɣi|il|aɣ|ava)(r|ri|ra)?$,OKAR0
134-akaszt,Hungarian,akaszt,,ɒ k ɒ s t -,1192,,,^(a|o|aɣ|ɒ|aw|ul)?(k|kɛ)(a|o|aɣ|ɒ|aw|ul)?(s|sʲ|ʃ|z)(t|k|dø)$,OKOST0
135-akceptal,Hungarian,akceptál,,ɒ k t͡s ɛ p t aː l -,1570,Latin,True,^(a)(k)(s|t͡ʃ|z|k)(ɛ|i|y|ɛɣ|ø|a)(p|pu|pi)(t)(a|aː|aɣa|al|o|aɣi|il|aɣ|ava)(l)?$,OKCEPTAL0
136-akcio,Hungarian,akció,,ɒ k t͡s i oː -,1589,Latin,True,^(a|o)(k)(s|t͡ʃ|z|k)(i|y|ɛ|a|ɯ|iɣ|wi|il|ij|al)(aɣ|uɣ|u|aɣu|iɣ|oɣ|a|aw|al|ɯɣ|uː|uj|au|i|awu|aː)$,OKCIU0
137-akkord,Hungarian,akkord¹ ∆,,ɒ kː o r d -,1626,Wanderwort,True,^(a|o|aɣ|ɒ|aw|ul)?(k)(u|o|a|ɒ|ol|ul|uɣu|oɣo|ɯ|oɣ|uɣ|al|i)?(r|ri)(d|d͡ʒʲ|t|nd)?$,OKURT0
138-akkord,Hungarian,akkord²,,ɒ kː o r d -,1802,international word,True,^(a|o|aɣ|ɒ|aw|ul)?(k)(u|o|a|ɒ|ol|ul|uɣu|oɣo|ɯ|oɣ|uɣ|al|i)?(r|ri)(d|d͡ʒʲ|t|nd)?$,OKURT0
139-akkumulal,Hungarian,akkumulál,,ɒ kː u m u l aː l -,1725,,,^(a)(k)(u|uɣ|ɯ|uwa|aɣ)(m)(u|uɣ|ɯ|uwa|aɣ)(l|rl|n)?(a|aː|aɣa|al|o|aɣi|il|aɣ|ava)(l)$,OKYMYLAL0
140-akkumulacio,Hungarian,akkumuláció,,ɒ kː u m u l aː t͡s i oː -,1730,,,^(a)(k)(u|uɣ|ɯ|uwa|aɣ)(m)(u|uɣ|ɯ)(l)(a)(s|t͡ʃ|z|k)(i)(aɣ|uɣ|u|aɣu|iɣ|oɣ|a|aw|al|ɯɣ|uː|uj|au|i|awu|aː)$,OKYMYLACIU0
141-akkuratus,Hungarian,akkurátus,,ɒ kː u r aː t u ʃ -,1758,Latin,True,^(a)(k)(u|uɣ|ɯ|uwa|aɣ)(r)(a|aː|aɣa|al|o|aɣi|il)(t)(u|uɣ|ɯ|uwa|aɣ)(ʃ|t͡ʃ|s|ɣ)$,OKYRATYS0
142-akna,Hungarian,akna,,ɒ k n ɒ -,1177,Slavic,True,^(a|o|aɣ|ɒ|aw|ul)?(k|kɛ|ɡ)(n|møn)?(a|o|aɣ|ɒ|aw|ul)?(i)?$,OKNO0
143-ako,Hungarian,akó ∆,,ɒ k oː -,1226,Slavic,True,^(a|o|aɣ|ɒ|aw|ul)?(k|kɛ|ɡ)(aɣ|uɣ|u|aɣu|iɣ|oɣ|a|aw|al|ɯɣ|uː|uj|au|i|awu|aː)(i|y)?$,OKU0
144-akol,Hungarian,akol,,ɒ k o l -,1086,Slavic,True,^(a|o|aɣ|ɒ|aw|ul)?(k|kɛ)(u|o|a|ɒ|ol|ul|uɣu|oɣo|ɯ|oɣ|uɣ|al|i)?(l|rl|n|k|j)?$,OKUL0
145-akombakom,Hungarian,ákombákom,,aː k o m b aː k o m -,1609,internal,False,^(a|aː|aɣa|al)(k)(u|o|a|ɒ|ol|ul|uɣu|oɣo|ɯ|oɣ|uɣ|al|i)?(m)(b)(a)(k)(u|o|a|ɒ|ol|ul|uɣu|oɣo|ɯ|oɣ|uɣ|al|i)?(m)$,AKUMPAKUM0
146-akovita,Hungarian,ákovita ×,,aː k o v i t ɒ -,1620,Wanderwort,True,^(a)(k)(u|o|a|ɒ|ol|ul|uɣu|oɣo|ɯ|oɣ|uɣ)?(v|ɣ|w|yɣ|u)?(i|y|ɛ|a|ɯ|iɣ|wi|il|ij|al)(t)(a)$,AKUBITO0
147-akrobata,Hungarian,akrobata,,ɒ k r o b ɒ t ɒ -,1840,international word,True,^(a|o|aɣ|ɒ|aw|ul)?(k)(r)(u|o|a|ɒ|ol|ul|uɣu|oɣo|ɯ|oɣ|uɣ|al|i)?(b|p)(a|o|aɣ|ɒ)(t)(a)$,OKRUPOTO0
148-akt,Hungarian,akt,,ɒ k t -,1893,German,True,^(a|o|aɣ|ɒ|aw|ul)?(k|kɛ|ɡ)(t|k|dø)(i|y|ɛ|iɣ|u|øk|at|ɛk|a|uk)?$,OKT0
149-akt,Hungarian,Akt,,ɒ k t -,,,,^(a|o|aɣ|ɒ|aw|ul)?(k|kɛ|ɡ)(t|k|dø)(i|y|ɛ|iɣ|u|øk|at|ɛk|a|uk)?$,OKT0
150-akta,Hungarian,akta,,ɒ k t ɒ -,1613,Latin,True,^(a|o|aɣ|ɒ|aw|ul)?(k|kɛ|ɡ)(t|k|dø)(a|o|aɣ|ɒ|aw|ul)?(i)?$,OKTO0
151-aktivitas,Hungarian,aktivitás,,ɒ k t i v i t aː ʃ -,1704,,,^(a)(k)(t)(i|y|ɛ|a|ɯ|iɣ|wi|il|ij|al)(v|ɣ|w|yɣ|u)?(i|y|ɛ|a|ɯ|iɣ)(t)(a)(ʃ|t͡ʃ)$,OKTIBITAS0
152-aktivizal,Hungarian,aktivizál,,ɒ k t i v i z aː l -,1820,,,^(a)(k)(t)(i|y|ɛ|a|ɯ|iɣ|wi|il|ij|al)(v|ɣ|w|yɣ|u)?(i|y|ɛ|a|ɯ|iɣ)(z|s)(a)(l)$,OKTIBISAL0
153-aktualis,Hungarian,aktuális,,ɒ k t u aː l i ʃ -,1708,,,^(a)(k)(t)(u|uɣ|ɯ|uwa|aɣ)(a|aː|aɣa|al)(l)(i|y|ɛ|a|ɯ|iɣ|wi|il|ij|al)(ʃ|t͡ʃ|s|ɣ)$,OKTYALIS0
154-aktus,Hungarian,aktus,,ɒ k t u ʃ -,1618,Latin,True,^(a|o|aɣ|ɒ|aw|ul)?(k|kɛ)(t|k|dø)(u|uɣ|ɯ|uwa|aɣ)(ʃ|t͡ʃ|s|ɣ)$,OKTYS0
155-akusztika,Hungarian,akusztika,,ɒ k u s t i k ɒ -,1845,international word,True,^(a|o|aɣ|ɒ)(k)(u|uɣ|ɯ|uwa|aɣ)(s|sʲ|ʃ|z)(t)(i|y|ɛ|a|ɯ|iɣ|wi|il|ij|al)(k)(a)$,OKYSTIKO0
156-akvarell,Hungarian,akvarell,,ɒ k v ɒ r ɛ lː -,1844,international word,True,^(a|o|aɣ|ɒ|aw|ul)?(k)(v|ɣ|w|yɣ|u)?(a|o)(r)(ɛ|i|y|ɛɣ|ø|a)(l|lː)$,OKBOREL0
157-akvarium,Hungarian,akvárium,,ɒ k v aː r i u m -,1877,international word,True,^(a)(k)(v|ɣ|w|yɣ|u)?(a|aː|aɣa)(r)(i|y|ɛ|a|ɯ|iɣ|wi|il|ij|al)(u|uɣ|ɯ|uwa|aɣ)(m)$,OKBARIYM0
158-al,Hungarian,al,,ɒ l -,1219,,,^(a|o|aɣ|ɒ|aw|ul)?(l|rl|n|k|j)?(i|y|ɛ|iɣ|u|øk|at|ɛk|a|uk)?$,OL0
159-al,Hungarian,ál,,aː l -,1215,,,^(a|aː|aɣa|al|o|aɣi|il|aɣ|ava)(l|rl|n|k|j)?(i|y|ɛ|iɣ|u|øk|at|ɛk|a|uk)?$,AL0
160-ala,Hungarian,alá,,ɒ l aː -,1307,,,^(a|o|aɣ|ɒ|aw|ul)?(l|rl|n|k|j)?(a|aː|aɣa|al|o|aɣi|il|aɣ|ava)(i)?$,OLA0
161-alabard,Hungarian,alabárd ∆,,ɒ l ɒ b aː r d -,1550,Wanderwort,True,^(a|o)(l|rl|n|k|j)?(a)(b|p)(a|aː|aɣa|al|o|aɣi|il|aɣ|ava)(r)(d|d͡ʒʲ|t|nd)?$,OLOPART0
162-alabastrom,Hungarian,alabástrom,,ɒ l ɒ b aː ʃ t r o m -,1416,Latin,True,^(a)(l)?(a)(b)(a|aː|aɣa|al|o|aɣi|il|aɣ|ava)(ʃ|t͡ʃ|s|ɣ)(t)(r)(u|o|a|ɒ|ol|ul|uɣu|oɣo|ɯ|oɣ|uɣ|al|i)?(m)$,OLOPASTRUM0
163-alacsony,Hungarian,alacsony,,ɒ l ɒ t͡ʃ o ɲ -,1211,derived word,False,^(a)(l|rl|n|k|j)?(a)(t͡ʃ|t͡ʃɛ)?(u|o|a|ɒ|ol|ul|uɣu|oɣo|ɯ|oɣ|uɣ|al|i)?(n|m|ɲ)$,OLOCUN0
164-alafa,Hungarian,alafa †,,ɒ l ɒ f ɒ -,1535,Ottoman-Turkic,True,f not old,OLOBO0
165-alak,Hungarian,alak¹,,ɒ l ɒ k -,1338,,,^(a|o|aɣ|ɒ|aw|ul)?(l|rl|n|k|j)?(a|o|aɣ|ɒ|aw|ul)?(k|kɛ|ɡ)$,OLOK0
166-alakor,Hungarian,alakor ×,,ɒ l ɒ k o r -,1450,,,^(a|o|aɣ|ɒ|aw|ul)?(l|rl|n|k|j)?(a|o)(k)(u|o|a|ɒ|ol|ul|uɣu|oɣo|ɯ|oɣ|uɣ|al|i)?(r)$,OLOKUR0
167-alamizsna,Hungarian,alamizsna,,ɒ l ɒ m i ʒ n ɒ -,1372,Slavic,True,ʒ not old,OLOMISNO0
168-alamuszi,Hungarian,alamuszi,,ɒ l ɒ m u s i -,1632,,,^(a)(l|rl|n)?(a)(m)(u|uɣ|ɯ|uwa|aɣ)(s|sʲ|ʃ|z)(i|y|ɛ|a|ɯ|iɣ|wi|il|ij|al)$,OLOMYSI0
169-alan,Hungarian,alán,,ɒ l aː n -,1559,Latin,True,^(a|o|aɣ|ɒ)?(l|rl|n|k|j)?(a|aː|aɣa|al|o|aɣi|il|aɣ|ava)(n|møn)?$,OLAN0
170-alany,Hungarian,alany,,ɒ l ɒ ɲ -,1790,Latin,True,^(a|o|aɣ|ɒ|aw|ul)?(l|rl|n|k|j)?(a|o|aɣ|ɒ|aw)?(n|m|ɲ)$,OLON0
171-alap,Hungarian,alap,,ɒ l ɒ p -,1774,internal,False,^(a|o|aɣ|ɒ|aw|ul)?(l|rl|n|k|j)?(a|o|aɣ|ɒ|aw)?(p|pu|pi)$,OLOP0
172-alarm,Hungarian,alarm ∆,,ɒ l ɒ r m -,1722,,,^(a|o|aɣ|ɒ|aw|ul)?(l|rl|n|k|j)?(a|o|aɣ|ɒ|aw|ul)?(r|ri)?(m)$,OLORM0
173-alarmiroz,Hungarian,alarmíroz ∆,,ɒ l ɒ r m iː r o z -,1848,Wanderwort,True,^(a|o|aɣ)(l|rl|n|k|j)?(a)(r)(m)(i|iː)(r)(u|o|a|ɒ|ol|ul|uɣu|oɣo|ɯ|oɣ|uɣ|al|i)?(z|s)$,OLORMIRUS0
174-alaszolgaja,Hungarian,alászolgája ∆,,ɒ l aː s o l ɡ aː j ɒ -,1793,blending,False,^(a)(l)(a)(s|sʲ|ʃ|z)(u|o|a|ɒ|ol|ul|uɣu|oɣo|ɯ|oɣ|uɣ|al|i)?(l)(ɡ|k)(a)(l|j|ɣ|ja|ji|li)?(a)$,OLASULKAJO0
175-alattomban,Hungarian,alattomban,,ɒ l ɒ tː o m b ɒ n -,1519,,,tː not old,OLOTUMPON0
176-alattsag,Hungarian,alattság ×,,ɒ l ɒ tː ʃ aː ɡ -,1395,Croatian or Serbian,True,tː not old,OLOTSAK0
177-alattvalo,Hungarian,alattvaló,,ɒ l ɒ tː v ɒ l oː -,1604,compound,False,tː not old,OLOTBOLU0
178-alavalo,Hungarian,alávaló,,ɒ l aː v ɒ l oː -,1416,compound,False,^(a)(l)(a|aː|aɣa|al|o|aɣi|il|aɣ)(v|ɣ|w|yɣ|u)?(a)(l)(aɣ|uɣ|u|aɣu|iɣ|oɣ|a|aw|al|ɯɣ|uː|uj|au|i|awu|aː)$,OLABOLU0
179-alaz,Hungarian,aláz,,ɒ l aː z -,1372,derived word,False,^(a|o|aɣ|ɒ|aw|ul)?(l|rl|n|k|j)?(a|aː|aɣa|al|o|aɣi|il|aɣ|ava)(z|s)$,OLAS0
180-alban,Hungarian,albán,,ɒ l b aː n -,1559,Latin,True,^(a|o|aɣ)(l|rl|n|k|j)?(b|p)(a|aː|aɣa|al|o|aɣi|il|aɣ|ava)(n|møn)?$,OLPAN0
181-album,Hungarian,album,,ɒ l b u m -,1620,international word,True,^(a|o|aɣ|ɒ|aw|ul)?(l|rl|n|k|j)?(b|p)(u|uɣ|ɯ|uwa|aɣ)(m)(i)?$,OLPYM0
182-alca,Hungarian,álca,,aː l t͡s ɒ -,1853,blending,False,^(a|aː|aɣa|al|o|aɣi|il|aɣ|ava)(l|rl|n|k|j)?(s|t͡ʃ|z|k)(a|o|aɣ|ɒ)$,ALCO0
183-ald,Hungarian,áld,,aː l d -,1193,Proto-Finno-Ugric,False,^(a|aː|aɣa|al|o|aɣi|il|aɣ|ava)(l|rl|n|k|j)?(d|d͡ʒʲ|t|nd)?(i|y)?$,ALT0
184-aldomas,Hungarian,áldomás,,aː l d o m aː ʃ -,1200,derived word,False,^(a|aː|aɣa)(l)(d|d͡ʒʲ|t|nd)?(u|o|a|ɒ|ol|ul|uɣu|oɣo|ɯ|oɣ|uɣ|al|i)?(m)(a)(ʃ|t͡ʃ|s|ɣ)$,ALTUMAS0
185-aldoz,Hungarian,áldoz,,aː l d o z -,1372,derived word,False,^(a|aː|aɣa|al|o)(l)(d|d͡ʒʲ|t|nd)?(u|o|a|ɒ|ol|ul|uɣu|oɣo|ɯ|oɣ|uɣ|al|i)?(z|s)$,ALTUS0
186-alel,Hungarian,alél,,ɒ l eː l -,1552,,,^(a|o)(l|rl|n|k|j)?(ɛ|i|eː|ø|y|a|e|ɛj|ɛwɛ|iu|ɛwi|iː)(l|rl|n|k|j)?$,OLEL0
187-alfa,Hungarian,alfa,,ɒ l f ɒ -,1519,Latin,True,f not old,OLBO0
188-alga,Hungarian,alga,,ɒ l ɡ ɒ -,1858,Latin,True,^(a|o|aɣ|ɒ|aw|ul)?(l|rl|n|k|j)?(ɡ|k)(a|o|aɣ|ɒ|aw|ul)?(i)?$,OLKO0
189-algebra,Hungarian,algebra,,ɒ l ɡ ɛ b r ɒ -,1708,international word,True,^(a|o|aɣ|ɒ)?(l|rl|n|k|j)?(ɡ|k)(ɛ|i|y|ɛɣ|ø|a)(b|p)(r)(a)$,OLKEPRO0
190-alibi,Hungarian,alibi,,ɒ l i b i -,1843,international word,True,^(a)(l|rl|n|k|j)?(i|y|ɛ|a|ɯ|iɣ|wi|il|ij|al)(b|p)(i|y|ɛ|a|ɯ|iɣ|wi|il|ij|al)$,OLIPI0
191-alig,Hungarian,alig,,ɒ l i ɡ -,1372,lexicalized inflected word-form,False,^(a|o|aɣ|ɒ|aw)?(l|rl|n|k|j)?(i|y|ɛ|a|ɯ|iɣ|wi|il|ij|al)(ɡ|k)$,OLIK0
192-alit,Hungarian,alít ×,,ɒ l iː t -,1372,derived word,False,^(a|o|aɣ|ɒ|aw|ul)?(l|rl|n|k|j)?(i|iː)(t|k|dø)(i|y)?$,OLIT0
193-alkalom,Hungarian,alkalom,,ɒ l k ɒ l o m -,1372,derived word,False,^(a|o)(l|rl|n|k|j)?(k)(a)(l|rl|n|k|j)?(u|o|a|ɒ|ol|ul|uɣu|oɣo|ɯ|oɣ|uɣ|al|i)?(m)$,OLKOLUM0
194-alkat,Hungarian,alkat,,ɒ l k ɒ t -,1800,internal,False,^(a|o|aɣ|ɒ|aw|ul)?(l|rl|n|k|j)?(k)(a|o|aɣ|ɒ|aw|ul)?(t|k|dø)$,OLKOT0
195-alkohol,Hungarian,alkohol,,ɒ l k o h o l -,1789,,,^(a)(l)(k)(u|o|a|ɒ|ol|ul|uɣu|oɣo|ɯ|oɣ|uɣ|al|i)?(h|x|ɣ)?(u|o|a|ɒ|ol|ul|uɣu|oɣo|ɯ|oɣ|uɣ|al)?(l)$,OLKUHUL0
196-alkonyodik,Hungarian,alkonyodik,,ɒ l k o ɲ -,1573,,,^(a|o|aɣ)(l|rl|n|k|j)?(k)(u|o|a|ɒ|ol|ul|uɣu|oɣo|ɯ|oɣ|uɣ|al|i)?(n|m|ɲ)$,OLKUN0
197-alkoran,Hungarian,alkorán †,,ɒ l k o r aː n -,1559,Wanderwort,True,^(a)(l)?(k)(u|o|a|ɒ|ol|ul|uɣu|oɣo|ɯ|oɣ|uɣ|al|i)?(r)(a|aː|aɣa|al|o|aɣi|il|aɣ|ava)(n|møn)?$,OLKURAN0
198-alkot,Hungarian,alkot,,ɒ l k o t -,1416,,,^(a|o|aɣ|ɒ|aw|ul)?(l|rl|n|k|j)?(k)(u|o|a|ɒ|ol|ul|uɣu|oɣo|ɯ|oɣ|uɣ|al|i)?(t|k)$,OLKUT0
199-alkov,Hungarian,alkóv,,ɒ l k oː v -,1763,international word,True,^(a|o)(l|rl|n|k|j)?(k)(aɣ|uɣ|u|aɣu|iɣ|oɣ|a|aw|al|ɯɣ|uː|uj|au|i|awu|aː)(v|ɣ|w|yɣ|u)?$,OLKUB0
200-alkormos,Hungarian,alkörmös ∆,,ɒ l k ø r m ø ʃ -,1626,,,^(a)(l)?(k)(y|ɛ|ø|i|yɣy|yɣ|ɛr|ɛɣ|øɣi|ɛɣi)?(r)(m)(y|ɛ|ø|i|yɣy|yɣ|ɛr|ɛɣ|øɣi|ɛɣi)?(ʃ|t͡ʃ|s|ɣ)$,OLKURMUS0
201-alkuszik,Hungarian,alkuszik,,ɒ l k u s -,1474,,,^(a|o|aɣ|ɒ|aw)?(l|rl|n|k|j)?(k)(u|uɣ|ɯ|uwa|aɣ)(s|sʲ|ʃ|z)$,OLKYS0
202-all,Hungarian,áll¹,,aː lː -,1372,,,^(a|aː|aɣa|al|o|aɣi|il|aɣ|ava)(l|lː)(i|y|ɛ|iɣ|u|øk|at|ɛk|a|uk)?$,AL0
203-all,Hungarian,áll²,,aː lː -,1405,,,^(a|aː|aɣa|al|o|aɣi|il|aɣ|ava)(l|lː)(i|y|ɛ|iɣ|u|øk|at|ɛk|a|uk)?$,AL0
204-allag,Hungarian,állag,,aː lː ɒ ɡ -,1837,Latin,True,^(a|aː|aɣa|al|o|aɣi|il|aɣ|ava)(l|lː)(a|o|aɣ|ɒ|aw|ul)?(ɡ|k)(i|y)?$,ALOK0
205-allam,Hungarian,állam,,aː lː ɒ m -,1836,Latin,True,^(a|aː|aɣa|al|o|aɣi|il|aɣ|ava)(l|lː)(a|o|aɣ|ɒ|aw|ul)?(m)(i|y|ɛ|iɣ|u)?$,ALOM0
206-allando,Hungarian,állandó,,aː lː ɒ n d oː -,1519,derived word,False,^(a|aː|aɣa|al|o)(l|lː)(a)(n)(d|d͡ʒʲ|t|nd)?(aɣ|uɣ|u|aɣu|iɣ|oɣ|a|aw|al|ɯɣ|uː|uj|au|i|awu|aː)$,ALONTU0
207-allapik,Hungarian,állapik †,,aː lː ɒ p -,1416,,,^(a|aː|aɣa|al|o|aɣi|il|aɣ|ava)(l|lː)(a|o|aɣ|ɒ|aw|ul)?(p|pu|pi)(i)?$,ALOP0
208-allapotos,Hungarian,állapotos,,aː lː ɒ p o t o ʃ -,1931,derived word,False,^(a)(l|lː)(a)(p)(u|o|a|ɒ|ol|ul|uɣu|oɣo|ɯ|oɣ|uɣ|al|i)?(t)(u|o|a|ɒ|ol|ul|uɣu|oɣo|ɯ|oɣ|uɣ|al)?(ʃ|t͡ʃ)$,ALOPUTUS0
209-allaspont,Hungarian,álláspont,,aː lː aː ʃ p o n t -,1813,German,True,^(a|aː|aɣa)(l|lː)(a)(ʃ|t͡ʃ|s|ɣ)(p|pu|pi)(u|o|a|ɒ|ol|ul|uɣu|oɣo|ɯ|oɣ|uɣ|al|i)?(n)(t)$,ALASPUNT0
210-allat,Hungarian,állat,,aː lː ɒ t -,1372,derived word,False,^(a|aː|aɣa|al|o|aɣi|il|aɣ|ava)(l|lː)(a|o|aɣ|ɒ|aw|ul)?(t|k|dø)(i)?$,ALOT0
211-alle,Hungarian,allé,,ɒ lː eː -,1752,international word,True,^(a|o|aɣ|ɒ|aw|ul)?(l|lː)(ɛ|i|eː|ø|y|a|e|ɛj|ɛwɛ|iu|ɛwi|iː)(i|y|ɛ|iɣ)?$,OLE0
212-alleluja,Hungarian,alleluja,,ɒ lː ɛ l u j ɒ -,1416,Latin,True,^(a)(l|lː)(ɛ|i|y|ɛɣ|ø|a)(l)?(u|uɣ|ɯ|uwa|aɣ)(l|j|ɣ|ja|ji|li)?(a)$,OLELYJO0
213-allitmany,Hungarian,állítmány,,aː lː iː t m aː ɲ -,1792,internal,False,^(a|aː|aɣa|al|o|aɣi|il|aɣ|ava)(l|lː)(i|iː)(t)(m)(a|aː|aɣa|al|o|aɣi|il)(n|m|ɲ)$,ALITMAN0
214-allitolag,Hungarian,állítólag,,aː lː iː t oː l ɒ ɡ -,1803,internal,False,^(a|aː|aɣa|al|o|aɣi)(l|lː)(i|iː)(t)(aɣ|uɣ|u|aɣu|iɣ|oɣ|a|aw|al|ɯɣ|uː|uj|au|i|awu|aː)(l)(a)(ɡ|k)$,ALITULOK0
215-allkapca,Hungarian,állkapca ×,,aː lː k ɒ p t͡s ɒ -,1550,compound,False,^(a|aː|aɣa|al|o|aɣi|il|aɣ|ava)(l|lː)(k)(a|o|aɣ|ɒ)(p|pu|pi)(s|t͡ʃ|z|k)(a)$,ALKOPCO0
216-allkapocs,Hungarian,állkapocs,,aː lː k ɒ p o t͡ʃ -,1809,compound,False,^(a|aː|aɣa|al|o|aɣi|il|aɣ|ava)(l|lː)(k)(a)(p|pu|pi)(u|o|a|ɒ|ol|ul|uɣu|oɣo|ɯ|oɣ|uɣ|al|i)?(t͡ʃ)$,ALKOPUC0
217-allomas,Hungarian,állomás,,aː lː o m aː ʃ -,1829,Latin,True,^(a|aː|aɣa|al|o|aɣi|il)(l|lː)(u|o|a|ɒ|ol|ul|uɣu|oɣo|ɯ|oɣ|uɣ|al|i)?(m)(a)(ʃ|t͡ʃ|s|ɣ)$,ALUMAS0
218-allur,Hungarian,allűr,,ɒ lː yː r -,1879,German,True,^(a|o|aɣ|ɒ|aw|ul)?(l|lː)(iɣ|yɣ|y|ɛɣ|yː|yɣy|ɛwy|ɛɣy|iɣi|ɛɣi|i|ø)(r|ri|ra|ru)?$,OLYR0
219-alma,Hungarian,alma,,ɒ l m ɒ -,1009,Turkic,True,^(a|o|aɣ|ɒ|aw|ul)?(l|rl|n|k|j)?(m)(a|o|aɣ|ɒ|aw|ul)?(i|y)?$,OLMO0
220-almanach,Hungarian,almanach ∆,,ɒ l m ɒ n ɒ h -,1613,Wanderwort,True,^(a|o|aɣ|ɒ|aw|ul)?(l|rl|n|k|j)?(m)(a|o)(n|møn)?(a)(h|x|ɣ)?$,OLMONOH0
221-almarium,Hungarian,almárium ×,,ɒ l m aː r i u m -,1517,Latin,True,^(a)(l)?(m)(a|aː|aɣa|al|o|aɣi|il|aɣ|ava)(r)(i|y|ɛ|a|ɯ|iɣ|wi|il|ij|al)(u|uɣ|ɯ|uwa|aɣ)(m)$,OLMARIYM0
222-almel,Hungarian,álmél †,,aː l m eː l -,1456,,,^(a|aː|aɣa|al|o|aɣi|il|aɣ|ava)(l|rl|n|k|j)?(m)(ɛ|i|eː|ø|y|a|e|ɛj|ɛwɛ|iu|ɛwi|iː)(l)?$,ALMEL0
223-alnok,Hungarian,álnok,,aː l n o k -,1247,derived word,False,^(a|aː|aɣa|al|o|aɣi|il|aɣ|ava)(l)?(n|møn)?(u|o|a|ɒ|ol|ul|uɣu|oɣo|ɯ|oɣ|uɣ|al|i)?(k)$,ALNUK0
224-alo,Hungarian,aló ∆,,ɒ l oː -,1749,loan,True,^(a|o|aɣ|ɒ|aw|ul)?(l|rl|n|k|j)?(aɣ|uɣ|u|aɣu|iɣ|oɣ|a|aw|al|ɯɣ|uː|uj|au|i|awu|aː)(i)?$,OLU0
225-aloe,Hungarian,áloé,,aː l o eː -,1416,Latin,True,^(a|aː|aɣa|al|o)(l)(u|o|a|ɒ|ol|ul|uɣu|oɣo|ɯ|oɣ|uɣ|al|i)?(ɛ|i|eː|ø|y|a|e|ɛj|ɛwɛ|iu|ɛwi|iː)$,ALUE0
226-alom,Hungarian,alom,,ɒ l o m -,1531,Proto-Ugric,False,^(a|o|aɣ|ɒ|aw|ul)?(l|rl|n|k|j)?(u|o|a|ɒ|ol|ul|uɣu|oɣo|ɯ|oɣ|uɣ|al|i)?(m)(i)?$,OLUM0
227-alom,Hungarian,álom,,aː l o m -,1091,Proto-Finno-Ugric,False,^(a|aː|aɣa|al|o|aɣi|il|aɣ|ava)(l|rl|n|k|j)?(u|o|a|ɒ|ol|ul|uɣu|oɣo|ɯ|oɣ|uɣ|al|i)?(m)$,ALUM0
228-alomars,Hungarian,alómars,,ɒ l oː m ɒ r ʃ -,1774,loan,True,^(a|o)(l|rl|n|k|j)?(aɣ|uɣ|u|aɣu|iɣ|oɣ|a|aw|al|ɯɣ|uː|uj|au|i|awu|aː)(m)(a)(r)(ʃ|t͡ʃ|s|ɣ)$,OLUMORS0
229-alomszuszek,Hungarian,álomszuszék,,aː l o m s u s eː k -,1723,compound,False,^(a)(l)(u|o|a|ɒ|ol|ul|uɣu|oɣo|ɯ|oɣ|uɣ)?(m)(s)(u|uɣ|ɯ|uwa|aɣ)(s)(ɛ|i|eː|ø|y|a|e|ɛj|ɛwɛ|iu|ɛwi|iː)(k)$,ALUMSYSEK0
230-alorca,Hungarian,álorca ∆,,aː l o r t͡s ɒ -,1520,,,^(a|aː|aɣa|al|o|aɣi|il|aɣ|ava)(l)?(u|o|a|ɒ|ol|ul|uɣu|oɣo|ɯ|oɣ|uɣ|al|i)?(r)(s|t͡ʃ|z|k)(a)$,ALURCO0
231-alpari,Hungarian,alpári,,ɒ l p aː r i -,1790,derived word,False,^(a)(l|rl)?(p|pu|pi)(a|aː|aɣa|al|o|aɣi|il|aɣ|ava)(r)(i|y|ɛ|a|ɯ|iɣ|wi|il|ij|al)$,OLPARI0
232-also,Hungarian,alsó,,ɒ l ʃ oː -,1260,derived word,False,^(a|o)(l|rl|n|k|j)?(ʃ|t͡ʃ|s|ɣ)(aɣ|uɣ|u|aɣu|iɣ|oɣ|a|aw|al|ɯɣ|uː|uj|au|i|awu|aː)$,OLSU0
233-alszik,Hungarian,alszik,,ɒ l s -,1265,,,^(a|o|aɣ|ɒ|aw|ul)?(l|rl|n|k|j)?(s|sʲ|ʃ|z)(i|y|ɛ|iɣ)?$,OLS0
234-alt,Hungarian,alt,,ɒ l t -,1802,German,True,^(a|o|aɣ|ɒ|aw|ul)?(l|rl|n|k|j)?(t|k|dø)(i|y|ɛ|iɣ|u)?$,OLT0
235-altal,Hungarian,által,,aː l t ɒ l -,1258,,,^(a|aː|aɣa|al|o|aɣi|il|aɣ|ava)(l|rl|n|k|j)?(t)(a|o|aɣ)(l|rl|n|k|j)?$,ALTOL0
236-altalveto,Hungarian,általvető,,aː l t ɒ l v ɛ t øː -,1672,derived word,False,^(a|aː|aɣa|al|o|aɣi|il|aɣ|ava)(l)(t)(a)(l)(v|ɣ|w|yɣ|u)?(ɛ|i)(t)(ɛɣ|ɛw|iɣ|ø|ɛy|y|ɛɣy|yː|ɛwi|ɛ|øː)$,ALTOLBETU0
237-aluminium,Hungarian,alumínium,,ɒ l u m iː n i u m -,1879,international word,True,^(a)(l)(u|uɣ|ɯ|uwa|aɣ)(m)(i|iː)(n)?(i|y|ɛ|a|ɯ|iɣ|wi|il|ij|al)(u|uɣ|ɯ|uwa|aɣ)(m)$,OLYMINIYM0
238-am,Hungarian,ám,,aː m -,1462,,,^(a|aː|aɣa|al|o|aɣi|il|aɣ|ava)(m)(i|y|ɛ|iɣ|u|øk|at|ɛk|a|uk)?$,AM0
239-amator,Hungarian,amatőr,,ɒ m ɒ t øː r -,1833,German,True,^(a|o|aɣ|ɒ|aw|ul)?(m)(a|o|aɣ|ɒ|aw|ul)?(t|k)(ɛɣ|ɛw|iɣ|ø|ɛy|y|ɛɣy|yː|ɛwi|ɛ|øː)(r)$,OMOTUR0
240-amazon,Hungarian,amazon,,ɒ m ɒ z o n -,1559,Latin,True,^(a|o|aɣ|ɒ|aw|ul)?(m)(a|o)(z|s)(u|o|a|ɒ|ol|ul|uɣu|oɣo|ɯ|oɣ|uɣ|al|i)?(n|møn)?$,OMOSUN0
241-ambar,Hungarian,ámbár,,aː m b aː r -,1540,,,^(a|aː|aɣa|al|o|aɣi|il|aɣ|ava)(m)(b|p)(a|aː|aɣa|al|o|aɣi|il|aɣ|ava)(r|ri|ra|ru)?$,AMPAR0
242-ambicio,Hungarian,ambíció,,ɒ m b iː t͡s i oː -,1577,,,^(a)(m)(b)(i|iː)(s|t͡ʃ|z|k)(i|y|ɛ|a|ɯ|iɣ)(aɣ|uɣ|u|aɣu|iɣ|oɣ|a|aw|al|ɯɣ|uː|uj|au|i|awu|aː)$,OMPICIU0
243-ambitus,Hungarian,ámbitus ×,,aː m b i t u ʃ -,1510,Latin,True,^(a|aː|aɣa|al)(m)(b)(i|y|ɛ|a|ɯ|iɣ|wi|il|ij|al)(t)(u|uɣ|ɯ|uwa|aɣ)(ʃ|t͡ʃ|s|ɣ)$,AMPITYS0
244-ambra,Hungarian,ámbra,,aː m b r ɒ -,1577,Wanderwort,True,^(a|aː|aɣa|al|o|aɣi|il|aɣ|ava)(m)(b|p)(r|ri|ra|ru|ro)?(a|o|aɣ|ɒ|aw|ul)?$,AMPRO0
245-ambrozia,Hungarian,ambrózia,,ɒ m b r oː z i ɒ -,1653,Latin,True,^(a|o)(m)(b|p)(r)(aɣ|uɣ|u|aɣu|iɣ|oɣ|a|aw|al|ɯɣ|uː|uj|au|i|awu|aː)(z|s)(i|y|ɛ|a|ɯ|iɣ|wi|il|ij|al)(a)$,OMPRUSIO0
246-amen,Hungarian,ámen,,aː m ɛ n -,1527,Latin,True,^(a|aː|aɣa|al|o|aɣi|il|aɣ|ava)(m)(ɛ|i|y|ɛɣ|ø|a)(n|møn)?(i|y|ɛ|iɣ)?$,AMEN0
247-ametiszt,Hungarian,ametiszt,,ɒ m ɛ t i s t -,1516,Wanderwort,True,^(a|o|aɣ)(m)(ɛ|i|y|ɛɣ|ø|a)(t)(i|y|ɛ|a|ɯ|iɣ|wi|il|ij|al)(s|sʲ|ʃ|z)(t)$,OMETIST0
248-amnesztia,Hungarian,amnesztia,,ɒ m n ɛ s t i ɒ -,1611,Latin,True,^(a)(m)(n|møn)?(ɛ|i|y|ɛɣ|ø|a)(s|sʲ|ʃ|z)(t)(i|y|ɛ|a|ɯ|iɣ|wi|il|ij|al)(a)$,OMNESTIO0
249-amokfuto,Hungarian,ámokfutó,,aː m o k f u t oː -,1925,German,True,f not old,AMUKBYTU0
250-amolyog,Hungarian,ámolyog ×,,aː m o j o ɡ -,1767,onomatopoetic,False,^(a)(m)(u|o|a|ɒ|ol|ul|uɣu|oɣo|ɯ|oɣ|uɣ|al|i)?(l|j|ɣ|ja|ji|li)?(u|o|a|ɒ|ol|ul|uɣu)?(ɡ)$,AMUJUK0
251-ampolna,Hungarian,ámpolna ∆,,aː m p o l n ɒ -,1405,loan,True,^(a|aː|aɣa|al|o|aɣi|il|aɣ|ava)(m)(p|pu|pi)(u|o|a|ɒ|ol|ul|uɣu|oɣo|ɯ|oɣ|uɣ|al|i)?(l)(n)?(a)$,AMPULNO0
252-ampulla,Hungarian,ampulla,,ɒ m p u lː ɒ -,1685,Latin,True,^(a|o|aɣ|ɒ|aw|ul)?(m)(p|pu|pi)(u|uɣ|ɯ|uwa|aɣ)(l|lː)(a|o|aɣ|ɒ)$,OMPYLO0
253-amputacio,Hungarian,amputáció,,ɒ m p u t aː t͡s i oː -,1796,,,^(a)(m)(p)(u|uɣ|ɯ|uwa|aɣ)(t)(a)(s|t͡ʃ|z|k)(i|y|ɛ)(aɣ|uɣ|u|aɣu|iɣ|oɣ|a|aw|al|ɯɣ|uː|uj|au|i|awu|aː)$,OMPYTACIU0
254-amul,Hungarian,ámul,,aː m u l -,1456,,,^(a|aː|aɣa|al|o|aɣi|il|aɣ|ava)(m)(u|uɣ|ɯ|uwa|aɣ)(l|rl|n|k|j)?(i|y)?$,AMYL0
255-amulett,Hungarian,amulett,,ɒ m u l ɛ tː -,1690,Latin,True,tː not old,OMYLET0
256-analfabeta,Hungarian,analfabéta,,ɒ n ɒ l f ɒ b eː t ɒ -,1879,,,f not old,ONOLBOPETO0
257-ananasz,Hungarian,ananász,,ɒ n ɒ n aː s -,1757,international word,True,^(a|o|aɣ)(n|møn)?(a)(n|møn)?(a|aː|aɣa|al|o|aɣi|il|aɣ|ava)(s|sʲ|ʃ|z)$,ONONAS0
258-anarchia,Hungarian,anarchia,,ɒ n ɒ r h i ɒ -,1708,,,^(a|o|aɣ|ɒ|aw)?(n|møn)?(a)(r)(h|x|ɣ)?(i|y|ɛ|a|ɯ|iɣ|wi|il|ij|al)(a)$,ONORHIO0
259-andalodik,Hungarian,andalodik,,ɒ n d ɒ l -,1660,,,^(a|o|aɣ|ɒ|aw|ul)?(n|møn)?(d|d͡ʒʲ|t|nd)?(a|o)(l|rl|n|k|j)?$,ONTOL0
260-andung,Hungarian,ándung ×,,aː n d u n ɡ -,1823,German,True,^(a|aː|aɣa|al|o|aɣi|il|aɣ|ava)(n)?(d|d͡ʒʲ|t|nd)?(u|uɣ|ɯ|uwa|aɣ)(n)(ɡ|k)$,ANTYNK0
261-anekdota,Hungarian,anekdota,,ɒ n ɛ k d o t ɒ -,1789,international word,True,^(a)(n)?(ɛ|i|y|ɛɣ|ø|a)(k)(d|d͡ʒʲ|t|nd)?(u|o|a|ɒ|ol|ul|uɣu|oɣo|ɯ|oɣ|uɣ|al|i)?(t)(a)$,ONEKTUTO0
262-angaria,Hungarian,angária ∆,,ɒ n ɡ aː r i ɒ -,1595,,,^(a|o)(n|møn)?(ɡ|k)(a|aː|aɣa|al|o|aɣi|il|aɣ|ava)(r)(i|y|ɛ|a|ɯ|iɣ|wi|il|ij|al)(a)$,ONKARIO0
263-angin,Hungarian,angin,,ɒ n ɡ i n -,1785,loan,True,^(a|o|aɣ|ɒ)(n|møn)?(ɡ|k)(i|y|ɛ|a|ɯ|iɣ|wi|il|ij|al)(n|møn)?$,ONKIN0
264-anglikan,Hungarian,anglikán,,ɒ n ɡ l i k aː n -,1684,international word,True,^(a)(n|møn)?(ɡ|k)(l)(i|y|ɛ|a|ɯ|iɣ|wi|il|ij|al)(k)(a|aː|aɣa|al|o|aɣi|il|aɣ|ava)(n)?$,ONKLIKAN0
265-anglus,Hungarian,anglus ∆,,ɒ n ɡ l u ʃ -,1405,,,^(a)(n|møn)?(ɡ|k)(l|rl|n|k|j)?(u|uɣ|ɯ|uwa|aɣ)(ʃ|t͡ʃ|s|ɣ)$,ONKLYS0
266-angolna,Hungarian,angolna,,ɒ n ɡ o l n ɒ -,1525,Latin,True,^(a)(n|møn)?(ɡ|k)(u|o|a|ɒ|ol|ul|uɣu|oɣo|ɯ|oɣ|uɣ|al|i)?(l|rl)?(n|møn)?(a)$,ONKULNO0
267-angy,Hungarian,ángy ×,,aː n ɟ -,1380,Proto-Uralic,False,^(a|aː|aɣa|al|o|aɣi|il|aɣ|ava)(n|møn)?(d͡ʒʲ|d|ɟ|t͡ʃ)(i|y|ɛ|iɣ|u|øk)?$,ANC0
268-angyal,Hungarian,angyal,,ɒ n ɟ ɒ l -,1405,loan,True,^(a|o|aɣ|ɒ|aw|ul)?(n|møn)?(d͡ʒʲ|d|ɟ|t͡ʃ)(a|o)(l|rl|n|k|j)?$,ONCOL0
269-angyalbor,Hungarian,angyalbőr,,ɒ n ɟ ɒ l b øː r -,1790,compound,False,^(a)(n|møn)?(d͡ʒʲ|d|ɟ|t͡ʃ)(a)(l|rl|n|k|j)?(b)(ɛɣ|ɛw|iɣ|ø|ɛy|y|ɛɣy|yː|ɛwi|ɛ|øː)(r)$,ONCOLPUR0
270-angyelika,Hungarian,angyélika ∆,,ɒ n ɟ eː l i k ɒ -,1516,Latin,True,^(a)(n)?(d͡ʒʲ|d|ɟ|t͡ʃ)(ɛ|i|eː|ø|y|a|e|ɛj|ɛwɛ|iu|ɛwi|iː)(l)(i|y|ɛ|a|ɯ|iɣ|wi|il|ij|al)(k)(a)$,ONCELIKO0
271-anizs,Hungarian,ánizs,,aː n i ʒ -,1378,Wanderwort,True,ʒ not old,ANIS0
272-anket,Hungarian,ankét,,ɒ n k eː t -,1868,French,True,^(a|o|aɣ|ɒ|aw|ul)?(n|møn)?(k)(ɛ|i|eː|ø|y|a|e|ɛj|ɛwɛ|iu|ɛwi|iː)(t|k|dø)$,ONKET0
273-anorak,Hungarian,anorák,,ɒ n o r aː k -,1941,international word,True,^(a|o)(n|møn)?(u|o|a|ɒ|ol|ul|uɣu|oɣo|ɯ|oɣ|uɣ|al|i)?(r)(a|aː|aɣa|al|o|aɣi|il|aɣ|ava)(k)$,ONURAK0
274-anslog,Hungarian,ánslóg ×,,aː n ʃ l oː ɡ -,1697,loan,True,^(a|aː|aɣa|al|o|aɣi)(n)(ʃ|t͡ʃ|s|ɣ)(l)(aɣ|uɣ|u|aɣu|iɣ|oɣ|a|aw|al|ɯɣ|uː|uj|au|i|awu|aː)(ɡ|k)$,ANSLUK0
275-antal,Hungarian,antal †,,ɒ n t ɒ l -,1552,derived word,False,^(a|o|aɣ|ɒ|aw|ul)?(n|møn)?(t)(a|o|aɣ|ɒ|aw)?(l|rl|n|k|j)?$,ONTOL0
276-antenna,Hungarian,antenna¹ †,,ɒ n t ɛ nː ɒ -,1620,Italian,True,nː not old,ONTENO0
277-antenna,Hungarian,antenna²,,ɒ n t ɛ nː ɒ -,1893,international word,True,nː not old,ONTENO0
278-antik,Hungarian,antik,,ɒ n t i k -,1793,international word,True,^(a|o|aɣ|ɒ|aw|ul)?(n|møn)?(t|k|dø)(i|y|ɛ|a|ɯ|iɣ|wi|il|ij|al)(k|kɛ)$,ONTIK0
279-antikvarius,Hungarian,antikvárius,,ɒ n t i k v aː r i u ʃ -,1752,,,^(a)(n)(t)(i|y|ɛ|a|ɯ|iɣ|wi|il|ij|al)(k)(v|ɣ|w|yɣ|u)?(a)(r)(i|y)(u|uɣ|ɯ|uwa|aɣ)(ʃ|t͡ʃ)$,ONTIKBARIYS0
280-antilop,Hungarian,antilop,,ɒ n t i l o p -,1837,international word,True,^(a)(n)?(t)(i|y|ɛ|a|ɯ|iɣ|wi|il|ij|al)(l)(u|o|a|ɒ|ol|ul|uɣu|oɣo|ɯ|oɣ|uɣ|al|i)?(p|pu|pi)$,ONTILUP0
281-antipatia,Hungarian,antipátia,,ɒ n t i p aː t i ɒ -,1589,,,^(a)(n)(t)(i|y|ɛ|a|ɯ|iɣ|wi|il|ij|al)(p|pu|pi)(a|aː|aɣa)(t)(i|y|ɛ|a|ɯ|iɣ|wi|il|ij|al)(a)$,ONTIPATIO0
282-anya,Hungarian,anya,,ɒ ɲ ɒ -,1181,Proto-Uralic,False,^(a|o|aɣ|ɒ|aw|ul)?(n|m|ɲ)(a|o|aɣ|ɒ|aw|ul)?(i|y|ɛ|iɣ)?$,ONO0
283-anyag,Hungarian,anyag,,ɒ ɲ ɒ ɡ -,1789,Latin,True,^(a|o|aɣ|ɒ|aw|ul)?(n|m|ɲ)(a|o|aɣ|ɒ|aw|ul)?(ɡ|k)(i|y)?$,ONOK0
284-anyakonyv,Hungarian,anyakönyv,,ɒ ɲ ɒ k ø ɲ v -,1806,compound,False,^(a|o)(n|m|ɲ)(a)(k)(y|ɛ|ø|i|yɣy|yɣ|ɛr|ɛɣ|øɣi|ɛɣi)?(n|m|ɲ)(v|ɣ|w|yɣ|u)?$,ONOKUNB0
285-anyanyelv,Hungarian,anyanyelv,,ɒ ɲ ɒ ɲ ɛ l v -,1776,German,True,^(a)(n|m|ɲ)(a)(n|m|ɲ)(ɛ|i|y|ɛɣ|ø|a)(l|rl)?(v|ɣ|w|yɣ|u)?$,ONONELB0
286-anyarozs,Hungarian,anyarozs ×,,ɒ ɲ ɒ r o ʒ -,1790,German,True,ʒ not old,ONORUS0
287-anyaszentegyhaz,Hungarian,anyaszentegyház,,ɒ ɲ ɒ s ɛ n t ɛ ɟ h aː z -,1470,compound,False,^(a)(n|m|ɲ)(a)(s|sʲ|ʃ|z)(ɛ)(n)(t)(ɛ)(d͡ʒʲ|d|ɟ|t͡ʃ)(h|x|ɣ)?(a|aː)(z|s)$,ONOSENTECHAS0
288-annyi,Hungarian,annyi,,ɒ ɲː i -,1372,derived word,False,ɲː not old,ONI0
289-anyos,Hungarian,anyós,,ɒ ɲ oː ʃ -,1608,derived word,False,^(a|o|aɣ|ɒ)(n|m|ɲ)(aɣ|uɣ|u|aɣu|iɣ|oɣ|a|aw|al|ɯɣ|uː|uj|au|i|awu|aː)(ʃ|t͡ʃ|s|ɣ)$,ONUS0
290-apa,Hungarian,apa,,ɒ p ɒ -,1055,Proto-Finno-Ugric,False,^(a|o|aɣ|ɒ|aw|ul)?(p|pu|pi)(a|o|aɣ|ɒ|aw|ul)?(i|y|ɛ|iɣ)?$,OPO0
291-apaca,Hungarian,apáca,,ɒ p aː t͡s ɒ -,1256,uncertain,,^(a|o|aɣ|ɒ|aw|ul)?(p|pu|pi)(a|aː|aɣa|al|o|aɣi|il|aɣ|ava)(s|t͡ʃ|z|k)(a)$,OPACO0
292-apacs,Hungarian,apacs ∆,,ɒ p ɒ t͡ʃ -,1909,international word,True,^(a|o|aɣ|ɒ|aw|ul)?(p|pu|pi)(a|o|aɣ|ɒ|aw|ul)?(t͡ʃ|t͡ʃɛ)?(i)?$,OPOC0
293-apad,Hungarian,apad,,ɒ p ɒ d -,1131,,,^(a|o|aɣ|ɒ|aw|ul)?(p|pu|pi)(a|o|aɣ|ɒ|aw|ul)?(d|d͡ʒʲ|t|nd)?$,OPOT0
294-apaszt,Hungarian,apaszt,,ɒ p ɒ s t -,1399,,,^(a|o|aɣ|ɒ|aw|ul)?(p|pu|pi)(a|o|aɣ|ɒ|aw|ul)?(s|sʲ|ʃ|z)(t|k)$,OPOST0
295-apanazs,Hungarian,apanázs ∆,,ɒ p ɒ n aː ʒ -,1793,international word,True,ʒ not old,OPONAS0
296-apat,Hungarian,apát,,ɒ p aː t -,1180,uncertain,,^(a|o|aɣ|ɒ|aw|ul)?(p|pu|pi)(a|aː|aɣa|al|o|aɣi|il|aɣ|ava)(t|k|dø)(i)?$,OPAT0
297-apellal,Hungarian,apellál,,ɒ p ɛ lː aː l -,1559,,,^(a)(p|pu|pi)(ɛ|i|y|ɛɣ|ø|a)(l|lː)(a|aː|aɣa|al|o|aɣi|il|aɣ|ava)(l|rl)?$,OPELAL0
298-aperte,Hungarian,áperte ×,,aː p ɛ r t ɛ -,1617,Latin,True,^(a|aː|aɣa|al|o|aɣi|il|aɣ|ava)(p|pu|pi)(ɛ|i|y|ɛɣ|ø|a)(r)(t)(ɛ|i|y|ɛɣ|ø)$,APERTE0
299-apetitus,Hungarian,apetitus ×,,ɒ p ɛ t i t u ʃ -,1593,Latin,True,^(a)(p|pu|pi)(ɛ|i)(t)(i|y|ɛ|a|ɯ|iɣ|wi|il|ij|al)(t)(u|uɣ|ɯ|uwa|aɣ)(ʃ|t͡ʃ|s|ɣ)$,OPETITYS0
300-apol,Hungarian,ápol,,aː p o l -,1372,derived word,False,^(a|aː|aɣa|al|o|aɣi|il|aɣ|ava)(p|pu|pi)(u|o|a|ɒ|ol|ul|uɣu|oɣo|ɯ|oɣ|uɣ|al|i)?(l)?$,APUL0
301-aporodik,Hungarian,áporodik,,aː p o r -,1588,uncertain,,^(a|aː|aɣa|al|o|aɣi|il|aɣ|ava)(p|pu|pi)(u|o|a|ɒ|ol|ul|uɣu|oɣo|ɯ|oɣ|uɣ|al|i)?(r|ri)$,APUR0
302-apos,Hungarian,após,,ɒ p oː ʃ -,1608,derived word,False,^(a|o|aɣ|ɒ)(p|pu|pi)(aɣ|uɣ|u|aɣu|iɣ|oɣ|a|aw|al|ɯɣ|uː|uj|au|i|awu|aː)(ʃ|t͡ʃ|s|ɣ)$,OPUS0
303-apostol,Hungarian,apostol,,ɒ p o ʃ t o l -,1217,Latin,True,^(a)(p)(u|o|a|ɒ|ol|ul|uɣu|oɣo|ɯ|oɣ|uɣ|al|i)?(ʃ|t͡ʃ|s|ɣ)(t)(u|o|a|ɒ|ol|ul|uɣu|oɣo|ɯ|oɣ|uɣ|al|i)?(l)$,OPUSTUL0
304-apparatus,Hungarian,apparátus,,ɒ pː ɒ r aː t u ʃ -,1600,Latin,True,pː not old,OPORATYS0
305-aprehendal,Hungarian,aprehendál ∆,,ɒ p r ɛ h ɛ n d aː l -,1572,Latin,True,^(a)(p|pu|pi)(r)(ɛ|i)(h|x|ɣ)?(ɛ)(n)(d|d͡ʒʲ|t|nd)?(a|aː|aɣa|al|o|aɣi|il|aɣ|ava)(l)$,OPREHENTAL0
306-aprilis,Hungarian,április,,aː p r i l i ʃ -,1416,Latin,True,^(a)(p|pu)(r)(i|y|ɛ|a|ɯ|iɣ|wi|il|ij|al)(l)(i|y|ɛ|a|ɯ|iɣ|wi|il|ij|al)(ʃ|t͡ʃ|s|ɣ)$,APRILIS0
307-apro,Hungarian,apró,,ɒ p r oː -,1268,uncertain,,^(a|o|aɣ|ɒ|aw|ul)?(p|pu|pi)(r|ri)?(aɣ|uɣ|u|aɣu|iɣ|oɣ|a|aw|al|ɯɣ|uː|uj|au|i|awu|aː)$,OPRU0
308-aprocsepro,Hungarian,apró-cseprő,,ɒ p r oː t͡ʃ ɛ p r øː -,1598,compound,False,^(a)(p|pu|pi)(r)(aɣ|uɣ|u|aɣu|iɣ|oɣ|a|aw|al|ɯɣ|uː|uj|au|i|awu|aː)(t͡ʃ)(ɛ)(p|pu)(r)(ɛɣ|ɛw|iɣ|ø|ɛy|y|ɛɣy|yː|ɛwi|ɛ|øː)$,OPRUCEPRU0
309-aprod,Hungarian,apród,,ɒ p r oː d -,1300,derived word,False,^(a|o|aɣ)(p|pu|pi)(r)(aɣ|uɣ|u|aɣu|iɣ|oɣ|a|aw|al|ɯɣ|uː|uj|au|i|awu|aː)(d|d͡ʒʲ|t|nd)?$,OPRUT0
310-apropo,Hungarian,apropó,,ɒ p r o p oː -,1706,international word,True,^(a)(p|pu|pi)(r)(u|o|a|ɒ|ol|ul|uɣu|oɣo|ɯ|oɣ|uɣ|al|i)?(p|pu)(aɣ|uɣ|u|aɣu|iɣ|oɣ|a|aw|al|ɯɣ|uː|uj|au|i|awu|aː)$,OPRUPU0
311-ar,Hungarian,ár¹  ∆,,aː r -,1193,,,^(a|aː|aɣa|al|o|aɣi|il|aɣ|ava)(r|ri|ra|ru|ro|ry)?(i|y|ɛ|iɣ|u|øk|at|ɛk|a|uk)?$,AR0
312-ar,Hungarian,ár²,,aː r -,1395,Proto-Finno-Ugric,False,^(a|aː|aɣa|al|o|aɣi|il|aɣ|ava)(r|ri|ra|ru|ro|ry)?(i|y|ɛ|iɣ|u|øk|at|ɛk|a|uk)?$,AR0
313-ar,Hungarian,ár³,,aː r -,1836,,,^(a|aː|aɣa|al|o|aɣi|il|aɣ|ava)(r|ri|ra|ru|ro|ry)?(i|y|ɛ|iɣ|u|øk|at|ɛk|a|uk)?$,AR0
314-ara,Hungarian,ara ∆,,ɒ r ɒ -,1479,derived word,False,^(a|o|aɣ|ɒ|aw|ul)?(r|ri|ra|ru|ro|ry)?(a|o|aɣ|ɒ|aw|ul)?(i|y)?$,ORO0
315-arab,Hungarian,arab,,ɒ r ɒ b -,1571,Latin,True,^(a|o|aɣ|ɒ|aw|ul)?(r|ri|ra|ru|ro|ry)?(a|o|aɣ|ɒ|aw|ul)?(b|p)(i)?$,OROP0
316-aramlik,Hungarian,áramlik,,aː r ɒ m l -,1820,,,^(a|aː|aɣa|al|o|aɣi|il|aɣ|ava)(r|ri)(a|o|aɣ|ɒ|aw|ul)?(m)(l|rl|n|k|j)?$,AROML0
317-aranka,Hungarian,aranka,,ɒ r ɒ n k ɒ -,1768,derived word,False,^(a|o|aɣ|ɒ|aw|ul)?(r)(a|o|aɣ|ɒ|aw|ul)?(n|møn)?(k)(a|o|aɣ|ɒ)?$,ORONKO0
318-arany,Hungarian,arany,,ɒ r ɒ ɲ -,1075,Proto-Ugric,False,^(a|o|aɣ|ɒ|aw|ul)?(r|ri|ra|ru)?(a|o|aɣ|ɒ|aw|ul)?(n|m|ɲ)$,ORON0
319-aranyer,Hungarian,aranyér,,ɒ r ɒ ɲ eː r -,1742,compound,False,^(a|o|aɣ|ɒ|aw|ul)?(r)(a|o|aɣ)(n|m|ɲ)(ɛ|i|eː|ø|y|a|e|ɛj|ɛwɛ|iu|ɛwi|iː)(r)$,ORONER0
320-aranyoz,Hungarian,arányoz ∆,,ɒ r aː ɲ o z -,1527,,,^(a)(r)(a|aː|aɣa|al|o|aɣi|il|aɣ|ava)(n|m|ɲ)(u|o|a|ɒ|ol|ul|uɣu|oɣo|ɯ|oɣ|uɣ|al|i)?(z|s)$,ORANUS0
321-arasz,Hungarian,arasz,,ɒ r ɒ s -,1405,Proto-Finno-Ugric,False,^(a|o|aɣ|ɒ|aw|ul)?(r|ri|ra)?(a|o|aɣ|ɒ|aw|ul)?(s|sʲ|ʃ|z)$,OROS0
322-arat,Hungarian,arat,,ɒ r ɒ t -,1211,uncertain,,^(a|o|aɣ|ɒ|aw|ul)?(r|ri|ra|ru)?(a|o|aɣ|ɒ|aw|ul)?(t|k|dø)$,OROT0
323-arboc,Hungarian,árbóc,,aː r b oː t͡s -,1470,,,^(a|aː|aɣa|al|o|aɣi|il|aɣ|ava)(r)(b|p)(aɣ|uɣ|u|aɣu|iɣ|oɣ|a|aw|al|ɯɣ|uː|uj|au|i|awu|aː)(s|t͡ʃ|z|k)$,ARPUC0
324-archaizmus,Hungarian,archaizmus,,ɒ r h ɒ i z m u ʃ -,1806,,,^(a)(r)(h|x|ɣ)?(a)(i|y|ɛ|a|ɯ|iɣ|wi|il|ij)(z|s)(m)(u|uɣ|ɯ|uwa|aɣ)(ʃ|t͡ʃ)$,ORHOISMYS0
325-archivum,Hungarian,archívum,,ɒ r h iː v u m -,1688,Latin,True,^(a|o|aɣ)(r)(h|x|ɣ)?(i|iː)(v|ɣ|w|yɣ|u)?(u|uɣ|ɯ|uwa|aɣ)(m)$,ORHIBYM0
326-ardo,Hungarian,ardó †,,ɒ r d oː -,1248,compound,False,^(a|o|aɣ|ɒ|aw|ul)?(r|ri)(d|d͡ʒʲ|t|nd)?(aɣ|uɣ|u|aɣu|iɣ|oɣ|a|aw|al|ɯɣ|uː|uj|au|i|awu|aː)$,ORTU0
327-arena,Hungarian,aréna,,ɒ r eː n ɒ -,1550,Latin,True,^(a|o|aɣ|ɒ|aw|ul)?(r)(ɛ|i|eː|ø|y|a|e|ɛj|ɛwɛ|iu|ɛwi|iː)(n|møn)?(a|o|aɣ)$,ORENO0
328-arendal,Hungarian,árendál ×,,aː r ɛ n d aː l -,1556,,,^(a|aː|aɣa|al|o|aɣi|il|aɣ|ava)(r)(ɛ|i)(n)(d|d͡ʒʲ|t|nd)?(a|aː|aɣa|al|o|aɣi|il|aɣ|ava)(l)$,ARENTAL0
329-arestal,Hungarian,árestál ∆,,aː r ɛ ʃ t aː l -,1579,,,^(a|aː|aɣa|al|o|aɣi|il|aɣ|ava)(r)(ɛ|i|y)(ʃ|t͡ʃ|s|ɣ)(t)(a|aː|aɣa|al|o|aɣi|il|aɣ|ava)(l)$,ARESTAL0
330-arfolyam,Hungarian,árfolyam,,aː r f o j ɒ m -,1832,compound,False,f not old,ARBUJOM0
331-argo,Hungarian,argó,,ɒ r ɡ oː -,1904,French,True,^(a|o|aɣ|ɒ|aw|ul)?(r|ri|ra)?(ɡ|k)(aɣ|uɣ|u|aɣu|iɣ|oɣ|a|aw|al|ɯɣ|uː|uj|au|i|awu|aː)$,ORKU0
332-argumentum,Hungarian,argumentum,,ɒ r ɡ u m ɛ n t u m -,1569,,,^(a)(r)(ɡ|k)(u|uɣ|ɯ|uwa|aɣ)(m)(ɛ|i|y|ɛɣ|ø|a)(n|møn)?(t)(u|uɣ|ɯ|uwa|aɣ)(m)$,ORKYMENTYM0
333-argusszem,Hungarian,árgusszem,,aː r ɡ u sː ɛ m -,1786,compound,False,^(a|aː|aɣa|al|o|aɣi|il|aɣ|ava)(r|ri)(ɡ|k)(u|uɣ|ɯ|uwa|aɣ)(s)(ɛ|i|y|ɛɣ|ø|a)(m)$,ARKYSEM0
334-arguval,Hungarian,árguvál ×,,aː r ɡ u v aː l -,1527,Latin,True,^(a|aː|aɣa|al|o|aɣi|il|aɣ|ava)(r)(ɡ|k)(u|uɣ|ɯ|uwa|aɣ)(v|ɣ|w|yɣ|u)?(a|aː)(l)$,ARKYBAL0
335-argyelus,Hungarian,árgyélus ×,,aː r ɟ eː l u ʃ -,1844,,,^(a)(r)(d͡ʒʲ|d|ɟ)(ɛ|i|eː|ø|y|a|e|ɛj|ɛwɛ|iu|ɛwi|iː)(l)(u|uɣ|ɯ|uwa|aɣ)(ʃ|t͡ʃ|s|ɣ)$,ARCELYS0
336-aria,Hungarian,ária,,aː r i ɒ -,1778,Italian,True,^(a|aː|aɣa|al|o|aɣi|il|aɣ|ava)(r|ri)(i|y|ɛ|a|ɯ|iɣ|wi|il|ij|al)(a|o|aɣ|ɒ|aw|ul)?$,ARIO0
337-arisztokracia,Hungarian,arisztokrácia,,ɒ r i s t o k r aː t͡s i ɒ -,1708,,,^(a)(r)(i|y|ɛ|a|ɯ|iɣ|wi|il|ij|al)(s)(t)(u|o)(k)(r)(a)(s|t͡ʃ|z|k)(i|y|ɛ|a|ɯ|iɣ|wi|il|ij|al)(a)$,ORISTUKRACIO0
338-arja,Hungarian,árja,,aː r j ɒ -,1857,international word,True,^(a|aː|aɣa|al|o|aɣi|il|aɣ|ava)(r|ri)(l|j|ɣ|ja|ji|li)?(a|o|aɣ|ɒ|aw|ul)?$,ARJO0
339-arkad,Hungarian,árkád,,aː r k aː d -,1853,German,True,^(a|aː|aɣa|al|o|aɣi|il|aɣ|ava)(r)(k|kɛ)(a|aː|aɣa|al|o|aɣi|il|aɣ|ava)(d|d͡ʒʲ|t|nd)?$,ARKAT0
340-arkangyal,Hungarian,arkangyal,,ɒ r k ɒ n ɟ ɒ l -,1372,loan,True,^(a|o|aɣ|ɒ|aw|ul)?(r)(k)(a|o)(n|møn)?(d͡ʒʲ|d|ɟ|t͡ʃ)(a)(l|rl|n|k|j)?$,ORKONCOL0
341-arkany,Hungarian,árkány ×,,aː r k aː ɲ -,1789,Turkic,True,^(a|aː|aɣa|al|o|aɣi|il|aɣ|ava)(r)(k|kɛ|ɡ)(a|aː|aɣa|al|o|aɣi|il|aɣ|ava)(n|m|ɲ)$,ARKAN0
342-arkus,Hungarian,árkus ×,,aː r k u ʃ -,1512,Latin,True,^(a|aː|aɣa|al|o|aɣi|il|aɣ|ava)(r|ri)(k|kɛ|ɡ)(u|uɣ|ɯ|uwa|aɣ)(ʃ|t͡ʃ|s|ɣ)$,ARKYS0
343-armada,Hungarian,armada †,,ɒ r m ɒ d ɒ -,1609,,,^(a|o|aɣ|ɒ|aw|ul)?(r)(m)(a|o|aɣ|ɒ|aw|ul)?(d|d͡ʒʲ|t|nd)?(a|o|aɣ)$,ORMOTO0
344-armalis,Hungarian,ármális ∆,,aː r m aː l i ʃ -,1614,,,^(a|aː|aɣa|al|o|aɣi|il|aɣ|ava)(r)(m)(a|aː)(l)(i|y|ɛ|a|ɯ|iɣ|wi|il|ij|al)(ʃ|t͡ʃ|s|ɣ)$,ARMALIS0
345-armanyos,Hungarian,ármányos ∆,,aː r m aː ɲ o ʃ -,1692,,,^(a|aː|aɣa|al|o)(r)(m)(a)(n|m|ɲ)(u|o|a|ɒ|ol|ul|uɣu|oɣo|ɯ|oɣ|uɣ|al|i)?(ʃ|t͡ʃ|s|ɣ)$,ARMANUS0
346-armany,Hungarian,ármány,,aː r m aː ɲ -,1804,,,^(a|aː|aɣa|al|o|aɣi|il|aɣ|ava)(r|ri)?(m)(a|aː|aɣa|al|o|aɣi|il|aɣ|ava)(n|m|ɲ)$,ARMAN0
347-armas,Hungarian,ármás ×,,aː r m aː ʃ -,1572,,,^(a|aː|aɣa|al|o|aɣi|il|aɣ|ava)(r|ri)?(m)(a|aː|aɣa|al|o|aɣi|il|aɣ|ava)(ʃ|t͡ʃ|s|ɣ)$,ARMAS0
348-arnot,Hungarian,arnót †,,ɒ r n oː t -,1603,Ottoman-Turkic,True,^(a|o|aɣ|ɒ|aw|ul)?(r)(n|møn)?(aɣ|uɣ|u|aɣu|iɣ|oɣ|a|aw|al|ɯɣ|uː|uj|au|i|awu|aː)(t|k|dø)$,ORNUT0
349-arnyek,Hungarian,árnyék,,aː r ɲ eː k -,1275,,,^(a|aː|aɣa|al|o|aɣi|il|aɣ|ava)(r)(n|m|ɲ)(ɛ|i|eː|ø|y|a|e|ɛj|ɛwɛ|iu|ɛwi|iː)(k|kɛ|ɡ)$,ARNEK0
350-arnyekszek,Hungarian,árnyékszék ∆,,aː r ɲ eː k s eː k -,1508,compound,False,^(a)(r)(n|m|ɲ)(ɛ|i|eː|ø|y|a|e|ɛj|ɛwɛ|iu|ɛwi|iː)(k)(s|sʲ)(ɛ|i|eː|ø|y|a|e|ɛj|ɛwɛ|iu|ɛwi|iː)(k)$,ARNEKSEK0
351-arok,Hungarian,árok,,aː r o k -,1055,Turkic,True,^(a|aː|aɣa|al|o|aɣi|il|aɣ|ava)(r|ri)(u|o|a|ɒ|ol|ul|uɣu|oɣo|ɯ|oɣ|uɣ|al|i)?(k|kɛ|ɡ)$,ARUK0
352-aroma,Hungarian,aroma,,ɒ r o m ɒ -,1416,Latin,True,^(a|o|aɣ|ɒ|aw|ul)?(r|ri)(u|o|a|ɒ|ol|ul|uɣu|oɣo|ɯ|oɣ|uɣ|al|i)?(m)(a|o|aɣ|ɒ|aw|ul)?$,ORUMO0
353-arpa,Hungarian,árpa,,aː r p ɒ -,1086,Turkic,True,^(a|aː|aɣa|al|o|aɣi|il|aɣ|ava)(r|ri|ra)?(p|pu|pi)(a|o|aɣ|ɒ|aw|ul)?$,ARPO0
354-art,Hungarian,árt¹,,aː r t -,1456,,,^(a|aː|aɣa|al|o|aɣi|il|aɣ|ava)(r|ri|ra|ru|ro|ry)?(t|k|dø)(i|y|ɛ)?$,ART0
355-art,Hungarian,árt²,,aː r t -,1512,paronymy,False,^(a|aː|aɣa|al|o|aɣi|il|aɣ|ava)(r|ri|ra|ru|ro|ry)?(t|k|dø)(i|y|ɛ)?$,ART0
356-artany,Hungarian,ártány,,aː r t aː ɲ -,1075,uncertain,,^(a|aː|aɣa|al|o|aɣi|il|aɣ|ava)(r)(t|k|dø)(a|aː|aɣa|al|o|aɣi|il|aɣ|ava)(n|m|ɲ)$,ARTAN0
357-artezikut,Hungarian,artézikút,,ɒ r t eː z i k uː t -,1832,,,^(a)(r)(t)(ɛ|i|eː|ø)(z|s)(i|y|ɛ|a|ɯ|iɣ|wi|il|ij|al)(k)(u|aɣ|uɣ|oɣ|aɣu|ul|uː|uɣu|i|o|iɣu)(t)$,ORTESIKYT0
358-articsoka,Hungarian,articsóka,,ɒ r t i t͡ʃ oː k ɒ -,1585,loan,True,^(a|o)(r)(t)(i|y|ɛ|a|ɯ|iɣ|wi|il|ij|al)(t͡ʃ|t͡ʃɛ)?(aɣ|uɣ|u|aɣu|iɣ|oɣ|a|aw|al|ɯɣ|uː|uj|au|i|awu|aː)(k)(a)$,ORTICUKO0
359-artikulal,Hungarian,artikulál,,ɒ r t i k u l aː l -,1840,,,^(a)(r)(t)(i|y|ɛ|a|ɯ|iɣ|wi|il|ij|al)(k)(u|uɣ|ɯ|uwa|aɣ)(l)?(a|aː|aɣa|al|o|aɣi|il|aɣ|ava)(l)$,ORTIKYLAL0
360-artista,Hungarian,artista,,ɒ r t i ʃ t ɒ -,1789,international word,True,^(a|o|aɣ|ɒ|aw|ul)?(r)(t)(i|y|ɛ|a|ɯ|iɣ|wi|il|ij|al)(ʃ|t͡ʃ|s|ɣ)(t)(a|o|aɣ)$,ORTISTO0
361-aru,Hungarian,áru,,aː r u -,1138,,,^(a|aː|aɣa|al|o|aɣi|il|aɣ|ava)(r|ri|ra|ru|ro|ry)?(u|uɣ|ɯ|uwa|aɣ)(i|y)?$,ARY0
362-arva,Hungarian,árva,,aː r v ɒ -,1152,Proto-Finno-Ugric,False,^(a|aː|aɣa|al|o|aɣi|il|aɣ|ava)(r|ri)(v|ɣ|w|yɣ|u)?(a|o|aɣ|ɒ|aw|ul)?$,ARBO0
363-arvacska,Hungarian,árvácska,,aː r v aː t͡ʃ k ɒ -,1642,derived word,False,^(a|aː|aɣa|al|o|aɣi|il|aɣ|ava)(r)(v|ɣ|w|yɣ|u)?(a|aː|aɣa|al|o|aɣi|il|aɣ|ava)(t͡ʃ|t͡ʃɛ)(k)(a)$,ARBACKO0
364-arvalanyhaj,Hungarian,árvalányhaj,,aː r v ɒ l aː ɲ h ɒ j -,1585,compound,False,^(a|aː)(r)(v|ɣ|w|yɣ|u)?(a)(l)(a)(n|m|ɲ)(h|x|ɣ)?(a)(l|j|ɣ|ja|ji|li)?$,ARBOLANHOJ0
365-arveres,Hungarian,árverés,,aː r v ɛ r eː ʃ -,1831,compound,False,^(a|aː|aɣa)(r)(v|ɣ|w|yɣ|u)?(ɛ)(r)(ɛ|i|eː|ø|y|a|e|ɛj|ɛwɛ|iu|ɛwi|iː)(ʃ|t͡ʃ|s|ɣ)$,ARBERES0
366-arviz,Hungarian,árvíz,,aː r v iː z -,1395,compound,False,^(a|aː|aɣa|al|o|aɣi|il|aɣ|ava)(r|ri|ra)?(v|ɣ|w|yɣ|u)?(i|iː)(z|s)$,ARBIS0
367-arzenal,Hungarian,arzenál,,ɒ r z ɛ n aː l -,1620,international word,True,^(a)(r)(z|s)(ɛ|i|y|ɛɣ|ø|a)(n|møn)?(a|aː|aɣa|al|o|aɣi|il|aɣ|ava)(l|rl)?$,ORSENAL0
368-as,Hungarian,ás,,aː ʃ -,1265,unknown,,^(a|aː|aɣa|al|o|aɣi|il|aɣ|ava)(ʃ|t͡ʃ|s|ɣ)(i|y|ɛ|iɣ|u|øk|at|ɛk|a|uk)?$,AS0
369-asit,Hungarian,ásít,,aː ʃ iː t -,1372,onomatopoetic,False,^(a|aː|aɣa|al|o|aɣi|il|aɣ|ava)(ʃ|t͡ʃ|s|ɣ)(i|iː)(t|k|dø)(i|y|ɛ)?$,ASIT0
370-askal,Hungarian,áskál ×,,aː ʃ k aː l -,1604,,,^(a|aː|aɣa|al|o|aɣi|il|aɣ|ava)(ʃ|t͡ʃ|s|ɣ)(k)(a|aː|aɣa|al|o|aɣi|il|aɣ|ava)(l|rl)?$,ASKAL0
371-aspa,Hungarian,áspa ×,,aː ʃ p ɒ -,1405,,,^(a|aː|aɣa|al|o|aɣi|il|aɣ|ava)(ʃ|t͡ʃ|s|ɣ)(p|pu|pi)(a|o|aɣ|ɒ|aw|ul)?$,ASPO0
372-aspiral,Hungarian,aspirál,,ɒ ʃ p i r aː l -,1563,,,^(a)(ʃ|t͡ʃ|s|ɣ)(p|pu|pi)(i|y|ɛ|a|ɯ|iɣ|wi|il|ij|al)(r)(a|aː|aɣa|al|o|aɣi)(l)$,OSPIRAL0
373-aspiracio,Hungarian,aspiráció,,ɒ ʃ p i r aː t͡s i oː -,1806,,,^(a)(ʃ|t͡ʃ)(p)(i|y|ɛ|a|ɯ|iɣ)(r)(a)(s|t͡ʃ|z|k)(i)(aɣ|uɣ|u|aɣu|iɣ|oɣ|a|aw|al|ɯɣ|uː|uj|au|i|awu|aː)$,OSPIRACIU0
374-aspirans,Hungarian,aspiráns,,ɒ ʃ p i r aː n ʃ -,1806,,,^(a)(ʃ|t͡ʃ|s|ɣ)(p|pu|pi)(i|y|ɛ|a|ɯ|iɣ|wi|il|ij|al)(r)(a|aː)(n)(ʃ|t͡ʃ|s|ɣ)$,OSPIRANS0
375-aspis,Hungarian,áspis,,aː ʃ p i ʃ -,1372,Latin,True,^(a|aː)(ʃ|t͡ʃ|s|ɣ)(p|pu|pi)(i|y|ɛ|a|ɯ|iɣ|wi|il|ij|al)(ʃ|t͡ʃ|s|ɣ)$,ASPIS0
376-asvany,Hungarian,ásvány,,aː ʃ v aː ɲ -,1055,derived word,False,^(a|aː|aɣa|al|o|aɣi|il|aɣ|ava)(ʃ|t͡ʃ|s|ɣ)(v|ɣ|w|yɣ|u)?(a|aː)(n|m|ɲ)$,ASBAN0
377-asz,Hungarian,ász,,aː s -,1804,international word,True,^(a|aː|aɣa|al|o|aɣi|il|aɣ|ava)(s|sʲ|ʃ|z)(i|y|ɛ|iɣ|u|øk|at|ɛk|a|uk)?$,AS0
378-aszat,Hungarian,aszat,,ɒ s ɒ t -,1597,Slavic,True,^(a|o|aɣ|ɒ|aw|ul)?(s|sʲ|ʃ|z)(a|o|aɣ|ɒ|aw|ul)?(t|k|dø)(i)?$,OSOT0
379-aszfalt,Hungarian,aszfalt,,ɒ s f ɒ l t -,1577,Latin,True,f not old,OSBOLT0
380-aszik,Hungarian,aszik,,ɒ s -,1275,Proto-Ugric,False,^(a|o|aɣ|ɒ|aw|ul)?(s|sʲ|ʃ|z)(i|y|ɛ|iɣ|u|øk|at|ɛk|a|uk)?$,OS0
381-aszkezis,Hungarian,aszkézis,,ɒ s k eː z i ʃ -,1792,,,^(a)(s)(k)(ɛ|i|eː|ø|y|a|e|ɛj|ɛwɛ|iu|ɛwi|iː)(z|s)(i|y|ɛ|a|ɯ|iɣ|wi|il|ij|al)(ʃ|t͡ʃ|s)$,OSKESIS0
382-aszo,Hungarian,aszó,,ɒ s oː -,1055,derived word,False,^(a|o|aɣ|ɒ|aw|ul)?(s|sʲ|ʃ|z)(aɣ|uɣ|u|aɣu|iɣ|oɣ|a|aw|al|ɯɣ|uː|uj|au|i|awu|aː)(i)?$,OSU0
383-aszok,Hungarian,ászok,,aː s o k -,1480,Turkic,True,^(a|aː|aɣa|al|o|aɣi|il|aɣ|ava)(s|sʲ|ʃ|z)(u|o|a|ɒ|ol|ul|uɣu|oɣo|ɯ|oɣ|uɣ|al|i)?(k|kɛ)$,ASUK0
384-aszpik,Hungarian,aszpik,,ɒ s p -,1836,international word,True,^(a|o|aɣ|ɒ|aw|ul)?(s|sʲ|ʃ|z)(p|pu|pi)(i|y|ɛ|iɣ|u|øk|at|ɛk)?$,OSP0
385-aszpirin,Hungarian,aszpirin,,ɒ s p i r i n -,1899,German,True,^(a)(s|sʲ|ʃ)(p|pu|pi)(i|y|ɛ|a|ɯ|iɣ|wi|il|ij|al)(r)(i|y|ɛ|a|ɯ|iɣ|wi|il|ij|al)(n)$,OSPIRIN0
386-asszir,Hungarian,asszír,,ɒ sː iː r -,1416,Latin,True,^(a|o|aɣ|ɒ|aw|ul)?(s)(i|iː)(r|ri|ra|ru|ro|ry)?(i|y|ɛ|iɣ|u|øk|at)?$,OSIR0
387-asszisztal,Hungarian,asszisztál,,ɒ sː i s t aː l -,1623,,,^(a)(s)(i|y|ɛ|a|ɯ|iɣ|wi|il|ij|al)(s|sʲ|ʃ|z)(t)(a|aː|aɣa|al|o|aɣi|il|aɣ|ava)(l)?$,OSISTAL0
388-asszo,Hungarian,asszó,,ɒ sː oː -,1876,German,True,^(a|o|aɣ|ɒ|aw|ul)?(s)(aɣ|uɣ|u|aɣu|iɣ|oɣ|a|aw|al|ɯɣ|uː|uj|au|i|awu|aː)(i|y|ɛ|iɣ|u|øk)?$,OSU0
389-asszony,Hungarian,asszony,,ɒ sː o ɲ -,1150,Alanic,True,^(a|o|aɣ|ɒ|aw|ul)?(s)(u|o|a|ɒ|ol|ul|uɣu|oɣo|ɯ|oɣ|uɣ|al|i)?(n|m|ɲ)(i|y)?$,OSUN0
390-asztag,Hungarian,asztag,,ɒ s t ɒ ɡ -,1395,Slavic,True,^(a|o|aɣ|ɒ|aw|ul)?(s|sʲ|ʃ|z)(t|k)(a|o|aɣ|ɒ|aw|ul)?(ɡ|k)$,OSTOK0
391-asztal,Hungarian,asztal,,ɒ s t ɒ l -,1293,Slavic,True,^(a|o|aɣ|ɒ|aw|ul)?(s|sʲ|ʃ|z)(t)(a|o|aɣ|ɒ)?(l|rl|n|k|j)?$,OSTOL0
392-asztalnok,Hungarian,asztalnok ∆,,ɒ s t ɒ l n o k -,1382,Slavic,True,^(a)(s|sʲ|ʃ|z)(t)(a)(l|rl|n|k)?(n|møn)?(u|o|a|ɒ|ol|ul|uɣu|oɣo|ɯ|oɣ|uɣ|al|i)?(k)$,OSTOLNUK0
393-asztma,Hungarian,asztma,,ɒ s t m ɒ -,1695,,,^(a|o|aɣ|ɒ|aw|ul)?(s|sʲ|ʃ|z)(t|k|dø)(m)(a|o|aɣ|ɒ|aw|ul)?(i)?$,OSTMO0
394-asztrakan,Hungarian,asztrakán ×,,ɒ s t r ɒ k aː n -,1807,international word,True,^(a|o|aɣ|ɒ|aw|ul)?(s|sʲ|ʃ|z)(t)(r)(a)(k)(a|aː|aɣa|al|o|aɣi|il|aɣ|ava)(n|møn)?$,OSTROKAN0
395-aszu,Hungarian,aszú,,ɒ s uː -,1217,derived word,False,^(a|o|aɣ|ɒ|aw|ul)?(s|sʲ|ʃ|z)(u|aɣ|uɣ|oɣ|aɣu|ul|uː|uɣu|i|o|iɣu)(i|y)?$,OSY0
396-atabotas,Hungarian,átabotás ×,,aː t ɒ b o t aː ʃ -,1577,,,^(a|aː|aɣa|al|o|aɣi|il|aɣ|ava)(t)(a)(b)(u|o|a|ɒ|ol|ul|uɣu|oɣo|ɯ|oɣ|uɣ|al|i)?(t)(a|aː)(ʃ|t͡ʃ|s|ɣ)$,ATOPUTAS0
397-atalag,Hungarian,átalag ∆,,aː t ɒ l ɒ ɡ -,1395,,,^(a|aː|aɣa|al|o|aɣi|il|aɣ|ava)(t)(a|o|aɣ|ɒ|aw|ul)?(l|rl|n|k|j)?(a)(ɡ|k)$,ATOLOK0
398-atall,Hungarian,átall,,aː t ɒ lː -,1416,derived word,False,^(a|aː|aɣa|al|o|aɣi|il|aɣ|ava)(t|k|dø)(a|o|aɣ|ɒ|aw|ul)?(l|lː)(i)?$,ATOL0
399-ateizmus,Hungarian,ateizmus,,ɒ t ɛ i z m u ʃ -,1752,,,^(a)(t)(ɛ|i)(i|y|ɛ|a|ɯ|iɣ|wi|il|ij|al)(z|s)(m)(u|uɣ|ɯ|uwa|aɣ)(ʃ|t͡ʃ|s|ɣ)$,OTEISMYS0
400-atilla,Hungarian,atilla ∆,,ɒ t i lː ɒ -,1833,internal,False,^(a|o|aɣ|ɒ|aw|ul)?(t)(i|y|ɛ|a|ɯ|iɣ|wi|il|ij|al)(l|lː)(a|o|aɣ|ɒ)?$,OTILO0
401-atka,Hungarian,atka,,ɒ t k ɒ -,1794,unknown,,^(a|o|aɣ|ɒ|aw|ul)?(t|k|dø)(k|kɛ|ɡ)(a|o|aɣ|ɒ|aw|ul)?(i)?$,OTKO0
402-atkoz,Hungarian,átkoz,,aː t k o z -,1372,,,^(a|aː|aɣa|al|o|aɣi|il|aɣ|ava)(t|k|dø)(k)(u|o|a|ɒ|ol|ul|uɣu|oɣo|ɯ|oɣ|uɣ|al|i)?(z|s)$,ATKUS0
403-atlag,Hungarian,átlag,,aː t l ɒ ɡ -,1851,internal,False,^(a|aː|aɣa|al|o|aɣi|il|aɣ|ava)(t)(l|rl|n|k|j)?(a|o|aɣ|ɒ|aw|ul)?(ɡ|k)$,ATLOK0
404-atlasz,Hungarian,atlasz¹,,ɒ t l ɒ s -,1380,Wanderwort,True,^(a|o|aɣ|ɒ|aw|ul)?(t)(l|rl|n|k|j)?(a|o|aɣ|ɒ)?(s|sʲ|ʃ|z)$,OTLOS0
405-atlasz,Hungarian,atlasz²,,ɒ t l ɒ s -,1692,international word,True,^(a|o|aɣ|ɒ|aw|ul)?(t)(l|rl|n|k|j)?(a|o|aɣ|ɒ)?(s|sʲ|ʃ|z)$,OTLOS0
406-atleta,Hungarian,atléta,,ɒ t l eː t ɒ -,1636,,,^(a|o|aɣ|ɒ|aw|ul)?(t)(l|rl|n|k|j)?(ɛ|i|eː|ø|y|a|e|ɛj|ɛwɛ|iu|ɛwi|iː)(t)(a|o)$,OTLETO0
407-atlo,Hungarian,átló,,aː t l oː -,1786,derived word,False,^(a|aː|aɣa|al|o|aɣi|il|aɣ|ava)(t)(l|rl|n|k)?(aɣ|uɣ|u|aɣu|iɣ|oɣ|a|aw|al|ɯɣ|uː|uj|au|i|awu|aː)$,ATLU0
408-atmoszfera,Hungarian,atmoszféra,,ɒ t m o s f eː r ɒ -,1757,international word,True,f not old,OTMUSBERO0
409-atom,Hungarian,atom,,ɒ t o m -,1647,,,^(a|o|aɣ|ɒ|aw|ul)?(t|k|dø)(u|o|a|ɒ|ol|ul|uɣu|oɣo|ɯ|oɣ|uɣ|al|i)?(m)(i|y)?$,OTUM0
410-atracel,Hungarian,atracél,,ɒ t r ɒ t͡s eː l -,1401,Slovakian,True,^(a|o|aɣ)(t)(r)(a)(s|t͡ʃ|z|k)(ɛ|i|eː|ø|y|a|e|ɛj|ɛwɛ|iu|ɛwi|iː)(l|rl|n|k|j)?$,OTROCEL0
411-attakiroz,Hungarian,attakíroz ∆,,ɒ tː ɒ k iː r o z -,1663,,,tː not old,OTOKIRUS0
412-attrakcio,Hungarian,attrakció,,ɒ tː r ɒ k t͡s i oː -,1842,international word,True,tː not old,OTROKCIU0
413-atval,Hungarian,atval †,,ɒ t v ɒ l -,1395,compound,False,^(a|o|aɣ|ɒ|aw|ul)?(t)(v|ɣ|w|yɣ|u)?(a|o|aɣ)(l|rl|n|k|j)?$,OTBOL0
414-atya,Hungarian,atya,,ɒ c ɒ -,1181,Proto-Uralic,False,^(a|o|aɣ|ɒ|aw|ul)?(t)(a|o|aɣ|ɒ|aw|ul)?(i|y|ɛ|iɣ|u|øk|at|ɛk|a|uk)?$,OCO0
415-atyafi,Hungarian,atyafi,,ɒ c ɒ f i -,1372,compound,False,f not old,OCOBI0
416-augusztus,Hungarian,augusztus,,ɒ u ɡ u s t u ʃ -,1416,Latin,True,^(a)(u|uɣ|ɯ|uwa|aɣ)(ɡ|k)(u|uɣ|ɯ|uwa|aɣ)(s)(t)(u|uɣ|ɯ|uwa|aɣ)(ʃ|t͡ʃ|s|ɣ)$,OYKYSTYS0
417-aula,Hungarian,aula,,ɒ u l ɒ -,1653,,,^(a|o|aɣ|ɒ|aw|ul)?(u|uɣ|ɯ|uwa|aɣ)(l|rl|n|k|j)?(a|o|aɣ|ɒ)$,OYLO0
418-auto,Hungarian,autó,,ɒ u t oː -,1909,international word,True,^(a|o|aɣ|ɒ|aw|ul)?(u|uɣ|ɯ|uwa|aɣ)(t|k)(aɣ|uɣ|u|aɣu|iɣ|oɣ|a|aw|al|ɯɣ|uː|uj|au|i|awu|aː)$,OYTU0
419-autobusz,Hungarian,autóbusz,,ɒ u t oː b u s -,1906,international word,True,^(a)(u|uɣ|ɯ|uwa|aɣ)(t)(aɣ|uɣ|u|aɣu|iɣ|oɣ|a|aw|al|ɯɣ|uː|uj|au|i|awu|aː)(b)(u|uɣ|ɯ|uwa|aɣ)(s|sʲ)$,OYTUPYS0
420-autogram,Hungarian,autogram,,ɒ u t o ɡ r ɒ m -,1900,German,True,^(a|o|aɣ|ɒ)?(u|uɣ|ɯ|uwa|aɣ)(t)(u|o|a|ɒ|ol|ul|uɣu|oɣo|ɯ|oɣ|uɣ|al|i)?(ɡ|k)(r)(a)(m)$,OYTUKROM0
421-automata,Hungarian,automata,,ɒ u t o m ɒ t ɒ -,1822,,,^(a|o|aɣ|ɒ|aw|ul)?(u|uɣ|ɯ|uwa|aɣ)(t)(u|o|a|ɒ|ol|ul|uɣu|oɣo|ɯ|oɣ|uɣ|al|i)?(m)(a|o)(t)(a)$,OYTUMOTO0
422-automatizal,Hungarian,automatizál,,ɒ u t o m ɒ t i z aː l -,1935,international word,True,^(a)(u|uɣ|ɯ|uwa|aɣ)(t)(u|o|a|ɒ|ol|ul)?(m)(a)(t)(i|y|ɛ|a|ɯ|iɣ|wi|il|ij|al)(z|s)(a)(l)$,OYTUMOTISAL0
423-automobil,Hungarian,automobil ∆,,ɒ u t o m o b i l -,1894,international word,True,^(a)(u|uɣ|ɯ|uwa|aɣ)(t)(u|o|a|ɒ|ol|ul)?(m)(u|o)(b)(i|y|ɛ|a|ɯ|iɣ|wi|il|ij|al)(l)$,OYTUMUPIL0
424-autonomia,Hungarian,autonómia,,ɒ u t o n oː m i ɒ -,1826,,,^(a)(u|uɣ|ɯ|uwa|aɣ)(t)(u)(n)(aɣ|uɣ|u|aɣu|iɣ|oɣ|a|aw|al|ɯɣ|uː|uj|au|i|awu|aː)(m)(i|y|ɛ|a|ɯ|iɣ|wi|il|ij)(a)$,OYTUNUMIO0
425-avagy,Hungarian,avagy,,ɒ v ɒ ɟ -,1372,compound,False,^(a|o|aɣ|ɒ|aw|ul)?(v|ɣ|w|yɣ|u)?(a|o|aɣ|ɒ)?(d͡ʒʲ|d|ɟ|t͡ʃ)$,OBOC0
426-avar,Hungarian,avar¹,,ɒ v ɒ r -,1485,Proto-Finno-Ugric,False,^(a|o|aɣ|ɒ|aw|ul)?(v|ɣ|w|yɣ|u)?(a|o|aɣ|ɒ|aw|ul)?(r|ri)?$,OBOR0
427-avar,Hungarian,avar²,,ɒ v ɒ r -,1559,Latin,True,^(a|o|aɣ|ɒ|aw|ul)?(v|ɣ|w|yɣ|u)?(a|o|aɣ|ɒ|aw|ul)?(r|ri)?$,OBOR0
428-avas,Hungarian,avas¹ ×,,ɒ v ɒ ʃ -,1232,semantic change,False,^(a|o|aɣ|ɒ|aw|ul)?(v|ɣ|w|yɣ|u)?(a|o|aɣ|ɒ)?(ʃ|t͡ʃ|s|ɣ)$,OBOS0
429-avas,Hungarian,avas²,,ɒ v ɒ ʃ -,1580,derived word,False,^(a|o|aɣ|ɒ|aw|ul)?(v|ɣ|w|yɣ|u)?(a|o|aɣ|ɒ)?(ʃ|t͡ʃ|s|ɣ)$,OBOS0
430-avat,Hungarian,avat,,ɒ v ɒ t -,1269,derived word,False,^(a|o|aɣ|ɒ|aw|ul)?(v|ɣ|w|yɣ|u)?(a|o|aɣ|ɒ|aw|ul)?(t|k|dø)$,OBOT0
431-avik,Hungarian,avik¹ ∆,,ɒ v -,1565,,,^(a|o|aɣ|ɒ|aw|ul)?(v|ɣ|w|yɣ|u)?(i|y|ɛ|iɣ|u|øk|at|ɛk|a|uk)?$,OB0
432-avul,Hungarian,avul,,ɒ v u l -,1416,,,^(a|o|aɣ|ɒ)(v|ɣ|w|yɣ|u)?(u|uɣ|ɯ|uwa|aɣ)(l|rl|n|k|j)?$,OBYL0
433-avit,Hungarian,avít ∆,,ɒ v iː t -,1604,Proto-Finno-Ugric,False,^(a|o|aɣ|ɒ|aw|ul)?(v|ɣ|w|yɣ|u)?(i|iː)(t|k|dø)(i|y)?$,OBIT0
434-az,Hungarian,az¹,,ɒ z -,1372,,,^(a|o|aɣ|ɒ|aw|ul)?(z|s)(i|y|ɛ|iɣ|u|øk|at|ɛk|a|uk)?$,OS0
435-az,Hungarian,az²,,ɒ z -,1372,,,^(a|o|aɣ|ɒ|aw|ul)?(z|s)(i|y|ɛ|iɣ|u|øk|at|ɛk|a|uk)?$,OS0
436-azaz,Hungarian,azaz,,ɒ z ɒ z -,1372,compound,False,^(a|o|aɣ|ɒ|aw|ul)?(z|s)(a|o|aɣ|ɒ|aw|ul)?(z|s)(i|y|ɛ)?$,OSOS0
437-azbeszt,Hungarian,azbeszt,,ɒ z b ɛ s t -,1655,international word,True,^(a|o|aɣ|ɒ|aw|ul)?(z|s)(b|p)(ɛ|i|y|ɛɣ|ø|a)(s|sʲ|ʃ|z)(t|k)$,OSPEST0
